code,name,market,industry,ticker
1101,台泥,TWSE,水泥工業,1101.TW
1102,亞泥,TWSE,水泥工業,1102.TW
1103,嘉泥,TWSE,水泥工業,1103.TW
1104,環泥,TWSE,水泥工業,1104.TW
1108,幸福,TWSE,水泥工業,1108.TW
1109,信大,TWSE,水泥工業,1109.TW
1110,東泥,TWSE,水泥工業,1110.TW
1201,味全,TWSE,Other,1201.TW
1203,味王,TWSE,Other,1203.TW
1210,大成,TWSE,Other,1210.TW
1213,大飲,TWSE,Other,1213.TW
1215,卜蜂,TWSE,Other,1215.TW
1216,統一,TWSE,Other,1216.TW
1217,愛之味,TWSE,Other,1217.TW
1218,泰山,TWSE,Other,1218.TW
1219,福壽,TWSE,Other,1219.TW
1220,台榮,TWSE,Other,1220.TW
1225,福懋油,TWSE,Other,1225.TW
1227,佳格,TWSE,Other,1227.TW
1229,聯華,TWSE,Other,1229.TW
1231,聯華食,TWSE,Other,1231.TW
1232,大統益,TWSE,Other,1232.TW
1233,天仁,TWSE,Other,1233.TW
1234,黑松,TWSE,Other,1234.TW
1235,興泰,TWSE,Other,1235.TW
1236,宏亞,TWSE,Other,1236.TW
1256,鮮活果汁-KY,TWSE,Other,1256.TW
1301,台塑,TWSE,Other,1301.TW
1303,南亞,TWSE,Other,1303.TW
1304,台聚,TWSE,Other,1304.TW
1305,華夏,TWSE,Other,1305.TW
1307,三芳,TWSE,Other,1307.TW
1308,亞聚,TWSE,Other,1308.TW
1309,台達化,TWSE,Other,1309.TW
1310,台苯,TWSE,Other,1310.TW
1312,國喬,TWSE,Other,1312.TW
1313,聯成,TWSE,Other,1313.TW
1314,中石化,TWSE,Other,1314.TW
1315,達新,TWSE,Other,1315.TW
1316,上曜,TWSE,建材營造業,1316.TW
1319,東陽,TWSE,汽車工業,1319.TW
1321,大洋,TWSE,Other,1321.TW
1323,永裕,TWSE,Other,1323.TW
1324,地球,TWSE,Other,1324.TW
1325,恆大,TWSE,Other,1325.TW
1326,台化,TWSE,Other,1326.TW
1337,再生-KY,TWSE,Other,1337.TW
1338,廣華-KY,TWSE,汽車工業,1338.TW
1339,昭輝,TWSE,汽車工業,1339.TW
1340,勝悅-KY,TWSE,Other,1340.TW
1341,富林-KY,TWSE,Other,1341.TW
1342,八貫,TWSE,其他業,1342.TW
1402,遠東新,TWSE,紡織纖維,1402.TW
1409,新纖,TWSE,紡織纖維,1409.TW
1410,南染,TWSE,紡織纖維,1410.TW
1413,宏洲,TWSE,紡織纖維,1413.TW
1414,東和,TWSE,紡織纖維,1414.TW
1416,廣豐,TWSE,其他業,1416.TW
1417,嘉裕,TWSE,紡織纖維,1417.TW
1418,東華,TWSE,紡織纖維,1418.TW
1419,新紡,TWSE,紡織纖維,1419.TW
1423,利華,TWSE,紡織纖維,1423.TW
1432,大魯閣,TWSE,Other,1432.TW
1434,福懋,TWSE,紡織纖維,1434.TW
1435,中福,TWSE,其他業,1435.TW
1436,華友聯,TWSE,建材營造業,1436.TW
1437,勤益控,TWSE,其他業,1437.TW
1438,三地開發,TWSE,建材營造業,1438.TW
1439,雋揚,TWSE,建材營造業,1439.TW
1440,南紡,TWSE,紡織纖維,1440.TW
1441,大東,TWSE,紡織纖維,1441.TW
1442,名軒,TWSE,建材營造業,1442.TW
1443,立益物流,TWSE,其他業,1443.TW
1444,力麗,TWSE,紡織纖維,1444.TW
1445,大宇,TWSE,紡織纖維,1445.TW
1446,宏和,TWSE,紡織纖維,1446.TW
1447,力鵬,TWSE,紡織纖維,1447.TW
1449,佳和,TWSE,紡織纖維,1449.TW
1451,年興,TWSE,紡織纖維,1451.TW
1452,宏益,TWSE,紡織纖維,1452.TW
1453,大將,TWSE,建材營造業,1453.TW
1454,台富,TWSE,紡織纖維,1454.TW
1455,集盛,TWSE,紡織纖維,1455.TW
1456,怡華,TWSE,建材營造業,1456.TW
1457,宜進,TWSE,紡織纖維,1457.TW
1459,聯發,TWSE,紡織纖維,1459.TW
1460,宏遠,TWSE,紡織纖維,1460.TW
1463,強盛新,TWSE,紡織纖維,1463.TW
1464,得力,TWSE,紡織纖維,1464.TW
1465,偉全,TWSE,紡織纖維,1465.TW
1466,聚隆,TWSE,紡織纖維,1466.TW
1467,南緯,TWSE,紡織纖維,1467.TW
1468,昶和,TWSE,紡織纖維,1468.TW
1470,大統新創,TWSE,紡織纖維,1470.TW
1471,首利,TWSE,Electronics,1471.TW
1472,三洋實業,TWSE,建材營造業,1472.TW
1473,台南,TWSE,紡織纖維,1473.TW
1474,弘裕,TWSE,紡織纖維,1474.TW
1475,業旺,TWSE,紡織纖維,1475.TW
1476,儒鴻,TWSE,紡織纖維,1476.TW
1477,聚陽,TWSE,紡織纖維,1477.TW
1503,士電,TWSE,Other,1503.TW
1504,東元,TWSE,Other,1504.TW
1506,正道,TWSE,Other,1506.TW
1512,瑞利,TWSE,汽車工業,1512.TW
1513,中興電,TWSE,Other,1513.TW
1514,亞力,TWSE,Other,1514.TW
1515,力山,TWSE,Other,1515.TW
1516,川飛,TWSE,其他業,1516.TW
1517,利奇,TWSE,Other,1517.TW
1519,華城,TWSE,Other,1519.TW
1521,大億,TWSE,汽車工業,1521.TW
1522,堤維西,TWSE,汽車工業,1522.TW
1524,耿鼎,TWSE,汽車工業,1524.TW
1525,江申,TWSE,汽車工業,1525.TW
1526,日馳,TWSE,Other,1526.TW
1527,鑽全,TWSE,Other,1527.TW
1528,恩德,TWSE,Other,1528.TW
1529,樂事綠能,TWSE,Other,1529.TW
1530,亞崴,TWSE,Other,1530.TW
1531,高林股,TWSE,Other,1531.TW
1532,勤美,TWSE,Other,1532.TW
1533,車王電,TWSE,汽車工業,1533.TW
1535,中宇,TWSE,Other,1535.TW
1536,和大,TWSE,汽車工業,1536.TW
1537,廣隆,TWSE,Other,1537.TW
1538,正峰,TWSE,Other,1538.TW
1539,巨庭,TWSE,Other,1539.TW
1540,喬福,TWSE,Other,1540.TW
1541,錩泰,TWSE,Other,1541.TW
1558,伸興,TWSE,Other,1558.TW
1560,中砂,TWSE,Other,1560.TW
1563,巧新,TWSE,汽車工業,1563.TW
1568,倉佑,TWSE,汽車工業,1568.TW
1582,信錦,TWSE,Electronics,1582.TW
1583,程泰,TWSE,Other,1583.TW
1587,吉茂,TWSE,汽車工業,1587.TW
1589,永冠-KY,TWSE,Other,1589.TW
1590,亞德客-KY,TWSE,Other,1590.TW
1597,直得,TWSE,Other,1597.TW
1598,岱宇,TWSE,Other,1598.TW
1603,華電,TWSE,電器電纜,1603.TW
1604,聲寶,TWSE,電器電纜,1604.TW
1605,華新,TWSE,電器電纜,1605.TW
1608,華榮,TWSE,電器電纜,1608.TW
1609,大亞,TWSE,電器電纜,1609.TW
1611,中電,TWSE,電器電纜,1611.TW
1612,宏泰,TWSE,電器電纜,1612.TW
1614,三洋電,TWSE,電器電纜,1614.TW
1615,大山,TWSE,電器電纜,1615.TW
1616,億泰,TWSE,電器電纜,1616.TW
1617,榮星,TWSE,電器電纜,1617.TW
1618,合機,TWSE,電器電纜,1618.TW
1623,大東電,TWSE,電器電纜,1623.TW
1626,艾美特-KY,TWSE,電器電纜,1626.TW
1702,南僑,TWSE,Other,1702.TW
1707,葡萄王,TWSE,Other,1707.TW
1708,東鹼,TWSE,化學工業,1708.TW
1709,和益,TWSE,化學工業,1709.TW
1710,東聯,TWSE,化學工業,1710.TW
1711,永光,TWSE,化學工業,1711.TW
1712,興農,TWSE,化學工業,1712.TW
1713,國化,TWSE,化學工業,1713.TW
1714,和桐,TWSE,化學工業,1714.TW
1717,長興,TWSE,化學工業,1717.TW
1718,中纖,TWSE,化學工業,1718.TW
1720,生達,TWSE,Other,1720.TW
1721,三晃,TWSE,化學工業,1721.TW
1722,台肥,TWSE,化學工業,1722.TW
1723,中碳,TWSE,化學工業,1723.TW
1725,元禎,TWSE,化學工業,1725.TW
1726,永記,TWSE,化學工業,1726.TW
1727,中華化,TWSE,化學工業,1727.TW
1730,花仙子,TWSE,化學工業,1730.TW
1731,美吾華,TWSE,Other,1731.TW
1732,毛寶,TWSE,化學工業,1732.TW
1733,五鼎,TWSE,Other,1733.TW
1734,杏輝,TWSE,Other,1734.TW
1735,日勝化,TWSE,化學工業,1735.TW
1736,喬山,TWSE,Other,1736.TW
1737,臺鹽,TWSE,Other,1737.TW
1752,南光,TWSE,Other,1752.TW
1760,寶齡富錦,TWSE,Other,1760.TW
1762,中化生,TWSE,Other,1762.TW
1773,勝一,TWSE,化學工業,1773.TW
1776,展宇,TWSE,化學工業,1776.TW
1783,和康生,TWSE,Other,1783.TW
1786,科妍,TWSE,Other,1786.TW
1789,神隆,TWSE,Other,1789.TW
1795,美時,TWSE,Other,1795.TW
1802,台玻,TWSE,玻璃陶瓷,1802.TW
1805,寶徠,TWSE,建材營造業,1805.TW
1806,冠軍,TWSE,玻璃陶瓷,1806.TW
1808,潤隆,TWSE,建材營造業,1808.TW
1809,中釉,TWSE,玻璃陶瓷,1809.TW
1810,和成,TWSE,玻璃陶瓷,1810.TW
1817,凱撒衛,TWSE,玻璃陶瓷,1817.TW
1903,士紙,TWSE,造紙工業,1903.TW
1904,正隆,TWSE,造紙工業,1904.TW
1905,華紙,TWSE,造紙工業,1905.TW
1906,寶隆,TWSE,造紙工業,1906.TW
1907,永豐餘,TWSE,造紙工業,1907.TW
1909,榮成,TWSE,造紙工業,1909.TW
2002,中鋼,TWSE,Other,2002.TW
2006,東和鋼鐵,TWSE,Other,2006.TW
2007,燁興,TWSE,Other,2007.TW
2008,高興昌,TWSE,Other,2008.TW
2009,第一銅,TWSE,Other,2009.TW
2010,春源,TWSE,Other,2010.TW
2012,春雨,TWSE,Other,2012.TW
2013,中鋼構,TWSE,Other,2013.TW
2014,中鴻,TWSE,Other,2014.TW
2015,豐興,TWSE,Other,2015.TW
2017,官田鋼,TWSE,Other,2017.TW
2020,美亞,TWSE,Other,2020.TW
2022,聚亨,TWSE,Other,2022.TW
2023,燁輝,TWSE,Other,2023.TW
2024,志聯,TWSE,Other,2024.TW
2025,千興,TWSE,Other,2025.TW
2027,大成鋼,TWSE,Other,2027.TW
2028,威致,TWSE,Other,2028.TW
2029,盛餘,TWSE,Other,2029.TW
2030,彰源,TWSE,Other,2030.TW
2031,新光鋼,TWSE,Other,2031.TW
2032,新鋼,TWSE,Other,2032.TW
2033,佳大,TWSE,Other,2033.TW
2034,允強,TWSE,Other,2034.TW
2038,海光,TWSE,Other,2038.TW
2049,上銀,TWSE,Other,2049.TW
2059,川湖,TWSE,Electronics,2059.TW
2062,橋椿,TWSE,Other,2062.TW
2069,運錩,TWSE,Other,2069.TW
2072,世紀風電,TWSE,Other,2072.TW
2101,南港,TWSE,橡膠工業,2101.TW
2102,泰豐,TWSE,橡膠工業,2102.TW
2103,台橡,TWSE,橡膠工業,2103.TW
2104,國際中橡,TWSE,橡膠工業,2104.TW
2105,正新,TWSE,橡膠工業,2105.TW
2106,建大,TWSE,橡膠工業,2106.TW
2107,厚生,TWSE,橡膠工業,2107.TW
2108,南帝,TWSE,橡膠工業,2108.TW
2109,華豐,TWSE,橡膠工業,2109.TW
2114,鑫永銓,TWSE,橡膠工業,2114.TW
2115,六暉-KY,TWSE,汽車工業,2115.TW
2201,裕隆,TWSE,汽車工業,2201.TW
2204,中華,TWSE,汽車工業,2204.TW
2206,三陽工業,TWSE,汽車工業,2206.TW
2207,和泰車,TWSE,汽車工業,2207.TW
2208,台船,TWSE,Other,2208.TW
2211,長榮鋼,TWSE,Other,2211.TW
2227,裕日車,TWSE,汽車工業,2227.TW
2228,劍麟,TWSE,汽車工業,2228.TW
2231,為升,TWSE,汽車工業,2231.TW
2233,宇隆,TWSE,汽車工業,2233.TW
2236,百達-KY,TWSE,汽車工業,2236.TW
2239,英利-KY,TWSE,汽車工業,2239.TW
2241,艾姆勒,TWSE,汽車工業,2241.TW
2243,宏旭-KY,TWSE,汽車工業,2243.TW
2247,汎德永業,TWSE,汽車工業,2247.TW
2248,華勝-KY,TWSE,汽車工業,2248.TW
2250,IKKA-KY,TWSE,汽車工業,2250.TW
2301,光寶科,TWSE,Computer,2301.TW
2302,麗正,TWSE,Semiconductor,2302.TW
2303,聯電,TWSE,Semiconductor,2303.TW
2305,全友,TWSE,Computer,2305.TW
2308,台達電,TWSE,Electronics,2308.TW
2312,金寶,TWSE,Electronics,2312.TW
2313,華通,TWSE,Electronics,2313.TW
2314,台揚,TWSE,Communication,2314.TW
2316,楠梓電,TWSE,Electronics,2316.TW
2317,鴻海,TWSE,Electronics,2317.TW
2321,東訊,TWSE,Communication,2321.TW
2323,中環,TWSE,Electronics,2323.TW
2324,仁寶,TWSE,Computer,2324.TW
2327,國巨*,TWSE,Electronics,2327.TW
2328,廣宇,TWSE,Electronics,2328.TW
2329,華泰,TWSE,Semiconductor,2329.TW
2330,台積電,TWSE,Semiconductor,2330.TW
2331,精英,TWSE,Computer,2331.TW
2332,友訊,TWSE,Communication,2332.TW
2337,旺宏,TWSE,Semiconductor,2337.TW
2338,光罩,TWSE,Semiconductor,2338.TW
2340,台亞,TWSE,Semiconductor,2340.TW
2342,茂矽,TWSE,Semiconductor,2342.TW
2344,華邦電,TWSE,Semiconductor,2344.TW
2345,智邦,TWSE,Communication,2345.TW
2347,聯強,TWSE,Electronics,2347.TW
2348,海悅,TWSE,其他業,2348.TW
2349,錸德,TWSE,Electronics,2349.TW
2351,順德,TWSE,Semiconductor,2351.TW
2352,佳世達,TWSE,Computer,2352.TW
2353,宏��,TWSE,Computer,2353.TW
2354,鴻準,TWSE,Electronics,2354.TW
2355,敬鵬,TWSE,Electronics,2355.TW
2356,英業達,TWSE,Computer,2356.TW
2357,華碩,TWSE,Computer,2357.TW
2359,所羅門,TWSE,Electronics,2359.TW
2360,致茂,TWSE,Electronics,2360.TW
2362,藍天,TWSE,Computer,2362.TW
2363,矽統,TWSE,Semiconductor,2363.TW
2364,倫飛,TWSE,Computer,2364.TW
2365,昆盈,TWSE,Computer,2365.TW
2367,燿華,TWSE,Electronics,2367.TW
2368,金像電,TWSE,Electronics,2368.TW
2369,菱生,TWSE,Semiconductor,2369.TW
2371,大同,TWSE,Other,2371.TW
2373,震旦行,TWSE,Electronics,2373.TW
2374,佳能,TWSE,Electronics,2374.TW
2375,凱美,TWSE,Electronics,2375.TW
2376,技嘉,TWSE,Computer,2376.TW
2377,微星,TWSE,Computer,2377.TW
2379,瑞昱,TWSE,Semiconductor,2379.TW
2380,虹光,TWSE,Computer,2380.TW
2382,廣達,TWSE,Computer,2382.TW
2383,台光電,TWSE,Electronics,2383.TW
2385,群光,TWSE,Electronics,2385.TW
2387,精元,TWSE,Computer,2387.TW
2388,威盛,TWSE,Semiconductor,2388.TW
2390,云辰,TWSE,Electronics,2390.TW
2392,正崴,TWSE,Electronics,2392.TW
2393,億光,TWSE,Electronics,2393.TW
2395,研華,TWSE,Computer,2395.TW
2397,友通,TWSE,Computer,2397.TW
2399,映泰,TWSE,Computer,2399.TW
2401,凌陽,TWSE,Semiconductor,2401.TW
2402,毅嘉,TWSE,Electronics,2402.TW
2404,漢唐,TWSE,Electronics,2404.TW
2405,輔信,TWSE,Computer,2405.TW
2406,國碩,TWSE,Electronics,2406.TW
2408,南亞科,TWSE,Semiconductor,2408.TW
2409,友達,TWSE,Electronics,2409.TW
2412,中華電,TWSE,Communication,2412.TW
2413,環科,TWSE,Electronics,2413.TW
2414,精技,TWSE,Electronics,2414.TW
2415,錩新,TWSE,Electronics,2415.TW
2417,圓剛,TWSE,Computer,2417.TW
2419,仲琦,TWSE,Communication,2419.TW
2420,新巨,TWSE,Electronics,2420.TW
2421,建準,TWSE,Electronics,2421.TW
2423,固緯,TWSE,Electronics,2423.TW
2424,隴華,TWSE,Communication,2424.TW
2425,承啟,TWSE,Computer,2425.TW
2426,鼎元,TWSE,Electronics,2426.TW
2427,三商電,TWSE,資訊服務業,2427.TW
2428,興勤,TWSE,Electronics,2428.TW
2429,銘旺科,TWSE,Electronics,2429.TW
2430,燦坤,TWSE,Electronics,2430.TW
2431,聯昌,TWSE,Electronics,2431.TW
2433,互盛電,TWSE,Electronics,2433.TW
2434,統懋,TWSE,Semiconductor,2434.TW
2436,偉詮電,TWSE,Semiconductor,2436.TW
2438,翔耀,TWSE,Electronics,2438.TW
2439,美律,TWSE,Communication,2439.TW
2440,太空梭,TWSE,Electronics,2440.TW
2441,超豐,TWSE,Semiconductor,2441.TW
2442,新美齊,TWSE,建材營造業,2442.TW
2444,兆勁,TWSE,Communication,2444.TW
2449,京元電子,TWSE,Semiconductor,2449.TW
2450,神腦,TWSE,Communication,2450.TW
2451,創見,TWSE,Semiconductor,2451.TW
2453,凌群,TWSE,資訊服務業,2453.TW
2454,聯發科,TWSE,Semiconductor,2454.TW
2455,全新,TWSE,Communication,2455.TW
2457,飛宏,TWSE,Electronics,2457.TW
2458,義隆,TWSE,Semiconductor,2458.TW
2459,敦吉,TWSE,Electronics,2459.TW
2460,建通,TWSE,Electronics,2460.TW
2461,光群雷,TWSE,Electronics,2461.TW
2462,良得電,TWSE,Electronics,2462.TW
2464,盟立,TWSE,Electronics,2464.TW
2465,麗臺,TWSE,Computer,2465.TW
2466,冠西電,TWSE,Electronics,2466.TW
2467,志聖,TWSE,Electronics,2467.TW
2468,華經,TWSE,資訊服務業,2468.TW
2471,資通,TWSE,資訊服務業,2471.TW
2472,立隆電,TWSE,Electronics,2472.TW
2474,可成,TWSE,Electronics,2474.TW
2476,鉅祥,TWSE,Electronics,2476.TW
2477,美隆電,TWSE,Electronics,2477.TW
2478,大毅,TWSE,Electronics,2478.TW
2480,敦陽科,TWSE,資訊服務業,2480.TW
2481,強茂,TWSE,Semiconductor,2481.TW
2482,連宇,TWSE,Electronics,2482.TW
2483,百容,TWSE,Electronics,2483.TW
2484,希華,TWSE,Electronics,2484.TW
2485,兆赫,TWSE,Communication,2485.TW
2486,一詮,TWSE,Electronics,2486.TW
2488,漢平,TWSE,Electronics,2488.TW
2489,瑞軒,TWSE,Electronics,2489.TW
2491,吉祥全,TWSE,Electronics,2491.TW
2492,華新科,TWSE,Electronics,2492.TW
2493,揚博,TWSE,Electronics,2493.TW
2495,普安,TWSE,Computer,2495.TW
2496,卓越,TWSE,其他業,2496.TW
2497,怡利電,TWSE,汽車工業,2497.TW
2498,宏達電,TWSE,Communication,2498.TW
2501,國建,TWSE,建材營造業,2501.TW
2504,國產,TWSE,建材營造業,2504.TW
2505,國揚,TWSE,建材營造業,2505.TW
2506,太設,TWSE,建材營造業,2506.TW
2509,全坤建,TWSE,建材營造業,2509.TW
2511,太子,TWSE,建材營造業,2511.TW
2514,龍邦,TWSE,其他業,2514.TW
2515,中工,TWSE,建材營造業,2515.TW
2516,新建,TWSE,建材營造業,2516.TW
2520,冠德,TWSE,建材營造業,2520.TW
2524,京城,TWSE,建材營造業,2524.TW
2527,宏璟,TWSE,建材營造業,2527.TW
2528,皇普,TWSE,建材營造業,2528.TW
2530,華建,TWSE,建材營造業,2530.TW
2534,宏盛,TWSE,建材營造業,2534.TW
2535,達欣工,TWSE,建材營造業,2535.TW
2536,宏普,TWSE,建材營造業,2536.TW
2537,聯上發,TWSE,建材營造業,2537.TW
2538,基泰,TWSE,建材營造業,2538.TW
2539,櫻花建,TWSE,建材營造業,2539.TW
2540,愛山林,TWSE,建材營造業,2540.TW
2542,興富發,TWSE,建材營造業,2542.TW
2543,皇昌,TWSE,建材營造業,2543.TW
2545,皇翔,TWSE,建材營造業,2545.TW
2546,根基,TWSE,建材營造業,2546.TW
2547,日勝生,TWSE,建材營造業,2547.TW
2548,華固,TWSE,建材營造業,2548.TW
2597,潤弘,TWSE,建材營造業,2597.TW
2601,益航,TWSE,貿易百貨業,2601.TW
2603,長榮,TWSE,Other,2603.TW
2605,新興,TWSE,Other,2605.TW
2606,裕民,TWSE,Other,2606.TW
2607,榮運,TWSE,Other,2607.TW
2608,嘉里大榮,TWSE,Other,2608.TW
2609,陽明,TWSE,Other,2609.TW
2610,華航,TWSE,Other,2610.TW
2611,志信,TWSE,Other,2611.TW
2612,中航,TWSE,Other,2612.TW
2613,中櫃,TWSE,Other,2613.TW
2614,東森,TWSE,其他業,2614.TW
2615,萬海,TWSE,Other,2615.TW
2616,山隆,TWSE,Other,2616.TW
2617,台航,TWSE,Other,2617.TW
2618,長榮航,TWSE,Other,2618.TW
2630,亞航,TWSE,Other,2630.TW
2633,台灣高鐵,TWSE,Other,2633.TW
2634,漢翔,TWSE,Other,2634.TW
2636,台驊控股,TWSE,Other,2636.TW
2637,慧洋-KY,TWSE,Other,2637.TW
2642,宅配通,TWSE,Other,2642.TW
2645,長榮航太,TWSE,Other,2645.TW
2646,星宇航空,TWSE,Other,2646.TW
2701,萬企,TWSE,觀光餐旅,2701.TW
2702,華園,TWSE,觀光餐旅,2702.TW
2704,國賓,TWSE,觀光餐旅,2704.TW
2705,六福,TWSE,觀光餐旅,2705.TW
2706,第一店,TWSE,觀光餐旅,2706.TW
2707,晶華,TWSE,觀光餐旅,2707.TW
2712,遠雄來,TWSE,觀光餐旅,2712.TW
2722,夏都,TWSE,觀光餐旅,2722.TW
2723,美食-KY,TWSE,觀光餐旅,2723.TW
2727,王品,TWSE,觀光餐旅,2727.TW
2731,雄獅,TWSE,觀光餐旅,2731.TW
2739,寒舍,TWSE,觀光餐旅,2739.TW
2748,雲品,TWSE,觀光餐旅,2748.TW
2753,八方雲集,TWSE,觀光餐旅,2753.TW
2762,世界健身-KY,TWSE,Other,2762.TW
2801,彰銀,TWSE,Other,2801.TW
2812,台中銀,TWSE,Other,2812.TW
2816,旺旺保,TWSE,Other,2816.TW
2820,華票,TWSE,Other,2820.TW
2832,台產,TWSE,Other,2832.TW
2834,臺企銀,TWSE,Other,2834.TW
2836,高雄銀,TWSE,Other,2836.TW
2838,聯邦銀,TWSE,Other,2838.TW
2845,遠東銀,TWSE,Other,2845.TW
2849,安泰銀,TWSE,Other,2849.TW
2850,新產,TWSE,Other,2850.TW
2851,中再保,TWSE,Other,2851.TW
2852,第一保,TWSE,Other,2852.TW
2855,統一證,TWSE,Other,2855.TW
2867,三商壽,TWSE,Other,2867.TW
2880,華南金,TWSE,Other,2880.TW
2881,富邦金,TWSE,Other,2881.TW
2882,國泰金,TWSE,Other,2882.TW
2883,凱基金,TWSE,Other,2883.TW
2884,玉山金,TWSE,Other,2884.TW
2885,元大金,TWSE,Other,2885.TW
2886,兆豐金,TWSE,Other,2886.TW
2887,台新新光金,TWSE,Other,2887.TW
2889,國票金,TWSE,Other,2889.TW
2890,永豐金,TWSE,Other,2890.TW
2891,中信金,TWSE,Other,2891.TW
2892,第一金,TWSE,Other,2892.TW
2897,王道銀行,TWSE,Other,2897.TW
2901,欣欣,TWSE,貿易百貨業,2901.TW
2903,遠百,TWSE,貿易百貨業,2903.TW
2904,匯僑,TWSE,其他業,2904.TW
2905,三商,TWSE,貿易百貨業,2905.TW
2906,高林,TWSE,貿易百貨業,2906.TW
2908,特力,TWSE,貿易百貨業,2908.TW
2910,統領,TWSE,貿易百貨業,2910.TW
2911,麗嬰房,TWSE,貿易百貨業,2911.TW
2912,統一超,TWSE,貿易百貨業,2912.TW
2913,農林,TWSE,貿易百貨業,2913.TW
2915,潤泰全,TWSE,貿易百貨業,2915.TW
2923,鼎固-KY,TWSE,建材營造業,2923.TW
2929,淘帝-KY,TWSE,貿易百貨業,2929.TW
2939,永邑-KY,TWSE,貿易百貨業,2939.TW
2945,三商家購,TWSE,貿易百貨業,2945.TW
3002,歐格,TWSE,Computer,3002.TW
3003,健和興,TWSE,Electronics,3003.TW
3004,豐達科,TWSE,Other,3004.TW
3005,神基,TWSE,Computer,3005.TW
3006,晶豪科,TWSE,Semiconductor,3006.TW
3008,大立光,TWSE,Electronics,3008.TW
3010,華立,TWSE,Electronics,3010.TW
3011,今皓,TWSE,Electronics,3011.TW
3013,晟銘電,TWSE,Computer,3013.TW
3014,聯陽,TWSE,Semiconductor,3014.TW
3015,全漢,TWSE,Electronics,3015.TW
3016,嘉晶,TWSE,Semiconductor,3016.TW
3017,奇鋐,TWSE,Computer,3017.TW
3018,隆銘綠能,TWSE,Electronics,3018.TW
3019,亞光,TWSE,Electronics,3019.TW
3021,鴻名,TWSE,Electronics,3021.TW
3022,威強電,TWSE,Computer,3022.TW
3023,信邦,TWSE,Electronics,3023.TW
3024,憶聲,TWSE,Electronics,3024.TW
3025,星通,TWSE,Communication,3025.TW
3026,禾伸堂,TWSE,Electronics,3026.TW
3027,盛達,TWSE,Communication,3027.TW
3028,增你強,TWSE,Electronics,3028.TW
3029,零壹,TWSE,資訊服務業,3029.TW
3030,德律,TWSE,Electronics,3030.TW
3031,佰鴻,TWSE,Electronics,3031.TW
3032,偉訓,TWSE,Electronics,3032.TW
3033,威健,TWSE,Electronics,3033.TW
3034,聯詠,TWSE,Semiconductor,3034.TW
3035,智原,TWSE,Semiconductor,3035.TW
3036,文曄,TWSE,Electronics,3036.TW
3037,欣興,TWSE,Electronics,3037.TW
3038,全台,TWSE,Electronics,3038.TW
3040,遠見,TWSE,其他業,3040.TW
3041,揚智,TWSE,Semiconductor,3041.TW
3042,晶技,TWSE,Electronics,3042.TW
3043,科風,TWSE,Electronics,3043.TW
3044,健鼎,TWSE,Electronics,3044.TW
3045,台灣大,TWSE,Communication,3045.TW
3046,建��,TWSE,Computer,3046.TW
3047,訊舟,TWSE,Communication,3047.TW
3048,益登,TWSE,Electronics,3048.TW
3049,精金,TWSE,Electronics,3049.TW
3050,鈺德,TWSE,Electronics,3050.TW
3051,力特,TWSE,Electronics,3051.TW
3052,夆典,TWSE,建材營造業,3052.TW
3054,立萬利,TWSE,Other,3054.TW
3055,蔚華科,TWSE,Electronics,3055.TW
3056,富華新,TWSE,建材營造業,3056.TW
3057,喬鼎,TWSE,Computer,3057.TW
3058,立德,TWSE,Electronics,3058.TW
3059,華晶科,TWSE,Electronics,3059.TW
3060,銘異,TWSE,Computer,3060.TW
3062,建漢,TWSE,Communication,3062.TW
3090,日電貿,TWSE,Electronics,3090.TW
3092,鴻碩,TWSE,Electronics,3092.TW
3094,聯傑,TWSE,Semiconductor,3094.TW
3130,一零四,TWSE,AI Server,3130.TW
3135,凌航,TWSE,Semiconductor,3135.TW
3138,耀登,TWSE,Communication,3138.TW
3149,正達,TWSE,Electronics,3149.TW
3164,景岳,TWSE,Other,3164.TW
3167,大量,TWSE,Other,3167.TW
3168,眾福科,TWSE,Electronics,3168.TW
3189,景碩,TWSE,Semiconductor,3189.TW
3209,全科,TWSE,Electronics,3209.TW
3229,晟鈦,TWSE,Electronics,3229.TW
3231,緯創,TWSE,Computer,3231.TW
3257,虹冠電,TWSE,Semiconductor,3257.TW
3266,昇陽,TWSE,建材營造業,3266.TW
3296,勝德,TWSE,Electronics,3296.TW
3305,昇貿,TWSE,Electronics,3305.TW
3308,聯德,TWSE,Electronics,3308.TW
3311,閎暉,TWSE,Communication,3311.TW
3312,弘憶股,TWSE,Electronics,3312.TW
3321,同泰,TWSE,Electronics,3321.TW
3338,泰碩,TWSE,Electronics,3338.TW
3346,麗清,TWSE,汽車工業,3346.TW
3356,奇偶,TWSE,Electronics,3356.TW
3376,新日興,TWSE,Electronics,3376.TW
3380,明泰,TWSE,Communication,3380.TW
3406,玉晶光,TWSE,Electronics,3406.TW
3413,京鼎,TWSE,Semiconductor,3413.TW
3416,融程電,TWSE,Computer,3416.TW
3419,譁裕,TWSE,Communication,3419.TW
3432,台端,TWSE,Electronics,3432.TW
3437,榮創,TWSE,Electronics,3437.TW
3443,創意,TWSE,Semiconductor,3443.TW
3447,展達,TWSE,Communication,3447.TW
3450,聯鈞,TWSE,Semiconductor,3450.TW
3481,群創,TWSE,Electronics,3481.TW
3494,誠研,TWSE,Computer,3494.TW
3501,維熹,TWSE,Electronics,3501.TW
3504,揚明光,TWSE,Electronics,3504.TW
3515,華擎,TWSE,Computer,3515.TW
3518,柏騰,TWSE,Electronics,3518.TW
3528,安馳,TWSE,Electronics,3528.TW
3530,晶相光,TWSE,Semiconductor,3530.TW
3532,台勝科,TWSE,Semiconductor,3532.TW
3533,嘉澤,TWSE,Electronics,3533.TW
3535,晶彩科,TWSE,Electronics,3535.TW
3543,州巧,TWSE,Electronics,3543.TW
3545,敦泰,TWSE,Semiconductor,3545.TW
3550,聯穎,TWSE,Electronics,3550.TW
3557,嘉威,TWSE,Other,3557.TW
3563,牧德,TWSE,Electronics,3563.TW
3576,聯合再生,TWSE,Electronics,3576.TW
3583,辛耘,TWSE,Semiconductor,3583.TW
3588,通嘉,TWSE,Semiconductor,3588.TW
3591,艾笛森,TWSE,Electronics,3591.TW
3592,瑞鼎,TWSE,Semiconductor,3592.TW
3593,力銘,TWSE,Electronics,3593.TW
3596,智易,TWSE,Communication,3596.TW
3605,宏致,TWSE,Electronics,3605.TW
3607,谷崧,TWSE,Electronics,3607.TW
3617,碩天,TWSE,Electronics,3617.TW
3622,洋華,TWSE,Electronics,3622.TW
3645,達邁,TWSE,Electronics,3645.TW
3652,精聯,TWSE,Computer,3652.TW
3653,健策,TWSE,Electronics,3653.TW
3661,世芯-KY,TWSE,Semiconductor,3661.TW
3665,貿聯-KY,TWSE,Electronics,3665.TW
3669,圓展,TWSE,Communication,3669.TW
3673,TPK-KY,TWSE,Electronics,3673.TW
3679,新至陞,TWSE,Electronics,3679.TW
3686,達能,TWSE,Semiconductor,3686.TW
3694,海華,TWSE,Communication,3694.TW
3701,大眾控,TWSE,Computer,3701.TW
3702,大聯大,TWSE,Electronics,3702.TW
3703,欣陸,TWSE,建材營造業,3703.TW
3704,合勤控,TWSE,Communication,3704.TW
3705,永信,TWSE,Other,3705.TW
3706,神達,TWSE,Computer,3706.TW
3708,上緯投控,TWSE,Other,3708.TW
3711,日月光投控,TWSE,Semiconductor,3711.TW
3712,永崴投控,TWSE,Computer,3712.TW
3714,富采,TWSE,Electronics,3714.TW
3715,定穎投控,TWSE,Electronics,3715.TW
3716,中化控股,TWSE,Other,3716.TW
3717,聯嘉投控,TWSE,汽車工業,3717.TW
4104,佳醫,TWSE,Other,4104.TW
4106,雃博,TWSE,Other,4106.TW
4108,懷特,TWSE,Other,4108.TW
4119,旭富,TWSE,Other,4119.TW
4133,亞諾法,TWSE,Other,4133.TW
4137,麗豐-KY,TWSE,Other,4137.TW
4142,國光生,TWSE,Other,4142.TW
4148,全宇生技-KY,TWSE,Other,4148.TW
4155,訊映,TWSE,Other,4155.TW
4164,承業醫,TWSE,Other,4164.TW
4169,泰宗,TWSE,Other,4169.TW
4190,佐登-KY,TWSE,Other,4190.TW
4306,炎洲,TWSE,Other,4306.TW
4414,如興,TWSE,紡織纖維,4414.TW
4426,利勤,TWSE,紡織纖維,4426.TW
4438,廣越,TWSE,紡織纖維,4438.TW
4439,冠星-KY,TWSE,紡織纖維,4439.TW
4440,宜新實業,TWSE,紡織纖維,4440.TW
4441,振大環球,TWSE,紡織纖維,4441.TW
4526,東台,TWSE,Other,4526.TW
4532,瑞智,TWSE,Other,4532.TW
4536,拓凱,TWSE,Other,4536.TW
4540,全球傳動,TWSE,Other,4540.TW
4545,銘鈺,TWSE,Electronics,4545.TW
4551,智伸科,TWSE,汽車工業,4551.TW
4552,力達-KY,TWSE,Other,4552.TW
4555,氣立,TWSE,Other,4555.TW
4557,永新-KY,TWSE,汽車工業,4557.TW
4560,強信-KY,TWSE,Other,4560.TW
4562,穎漢,TWSE,Other,4562.TW
4564,元翎,TWSE,Other,4564.TW
4566,時碩工業,TWSE,Other,4566.TW
4569,六方科-KY,TWSE,汽車工業,4569.TW
4571,鈞興-KY,TWSE,Other,4571.TW
4572,駐龍,TWSE,Other,4572.TW
4576,大銀微系統,TWSE,Other,4576.TW
4581,光隆精密-KY,TWSE,汽車工業,4581.TW
4583,台灣精銳,TWSE,Other,4583.TW
4585,達明,TWSE,Electronics,4585.TW
4588,玖鼎電力,TWSE,Electronics,4588.TW
4720,德淵,TWSE,化學工業,4720.TW
4722,國精化,TWSE,化學工業,4722.TW
4736,泰博,TWSE,Other,4736.TW
4737,華廣,TWSE,Other,4737.TW
4739,康普,TWSE,化學工業,4739.TW
4746,台耀,TWSE,Other,4746.TW
4755,三福化,TWSE,化學工業,4755.TW
4763,材料*-KY,TWSE,化學工業,4763.TW
4764,雙鍵,TWSE,化學工業,4764.TW
4766,南寶,TWSE,化學工業,4766.TW
4770,上品,TWSE,化學工業,4770.TW
4771,望隼,TWSE,Other,4771.TW
4807,日成-KY,TWSE,貿易百貨業,4807.TW
4904,遠傳,TWSE,Communication,4904.TW
4906,正文,TWSE,Communication,4906.TW
4912,聯德控股-KY,TWSE,Electronics,4912.TW
4915,致伸,TWSE,Electronics,4915.TW
4916,事欣科,TWSE,Computer,4916.TW
4919,新唐,TWSE,Semiconductor,4919.TW
4927,泰鼎-KY,TWSE,Electronics,4927.TW
4930,燦星網,TWSE,電器電纜,4930.TW
4934,太極,TWSE,Electronics,4934.TW
4935,茂林-KY,TWSE,Electronics,4935.TW
4938,和碩,TWSE,Computer,4938.TW
4942,嘉彰,TWSE,Electronics,4942.TW
4943,康控-KY,TWSE,Electronics,4943.TW
4949,有成精密,TWSE,Electronics,4949.TW
4952,凌通,TWSE,Semiconductor,4952.TW
4956,光鋐,TWSE,Electronics,4956.TW
4958,臻鼎-KY,TWSE,Electronics,4958.TW
4960,誠美材,TWSE,Electronics,4960.TW
4961,天鈺,TWSE,Semiconductor,4961.TW
4967,十銓,TWSE,Semiconductor,4967.TW
4968,立積,TWSE,Semiconductor,4968.TW
4976,佳凌,TWSE,Electronics,4976.TW
4977,眾達-KY,TWSE,Communication,4977.TW
4989,榮科,TWSE,Electronics,4989.TW
4994,傳奇,TWSE,資訊服務業,4994.TW
4999,鑫禾,TWSE,Electronics,4999.TW
5007,三星,TWSE,Other,5007.TW
5203,訊連,TWSE,資訊服務業,5203.TW
5215,科嘉-KY,TWSE,Computer,5215.TW
5222,全訊,TWSE,Semiconductor,5222.TW
5225,東科-KY,TWSE,Electronics,5225.TW
5234,達興材料,TWSE,Electronics,5234.TW
5243,乙盛-KY,TWSE,Electronics,5243.TW
5244,弘凱,TWSE,Electronics,5244.TW
5258,虹堡,TWSE,Computer,5258.TW
5269,祥碩,TWSE,Semiconductor,5269.TW
5283,禾聯碩,TWSE,電器電纜,5283.TW
5284,jpp-KY,TWSE,其他業,5284.TW
5285,界霖,TWSE,Semiconductor,5285.TW
5288,豐祥-KY,TWSE,Other,5288.TW
5292,華懋,TWSE,Other,5292.TW
5306,桂盟,TWSE,Other,5306.TW
5388,中磊,TWSE,Communication,5388.TW
5434,崇越,TWSE,Electronics,5434.TW
5469,瀚宇博,TWSE,Electronics,5469.TW
5471,松翰,TWSE,Semiconductor,5471.TW
5484,慧友,TWSE,Electronics,5484.TW
5515,建國,TWSE,建材營造業,5515.TW
5519,隆大,TWSE,建材營造業,5519.TW
5521,工信,TWSE,建材營造業,5521.TW
5522,遠雄,TWSE,建材營造業,5522.TW
5525,順天,TWSE,建材營造業,5525.TW
5531,鄉林,TWSE,建材營造業,5531.TW
5533,皇鼎,TWSE,建材營造業,5533.TW
5534,長虹,TWSE,建材營造業,5534.TW
5538,東明-KY,TWSE,Other,5538.TW
5546,永固-KY,TWSE,建材營造業,5546.TW
5607,遠雄港,TWSE,Other,5607.TW
5608,四維航,TWSE,Other,5608.TW
5706,鳳凰,TWSE,觀光餐旅,5706.TW
5871,中租-KY,TWSE,其他業,5871.TW
5876,上海商銀,TWSE,Other,5876.TW
5880,合庫金,TWSE,Other,5880.TW
5906,台南-KY,TWSE,貿易百貨業,5906.TW
5907,大洋-KY,TWSE,貿易百貨業,5907.TW
6005,群益證,TWSE,Other,6005.TW
6024,群益期,TWSE,Other,6024.TW
6108,競國,TWSE,Electronics,6108.TW
6112,邁達特,TWSE,資訊服務業,6112.TW
6115,鎰勝,TWSE,Electronics,6115.TW
6116,彩晶,TWSE,Electronics,6116.TW
6117,迎廣,TWSE,Computer,6117.TW
6120,達運,TWSE,Electronics,6120.TW
6128,上福,TWSE,Computer,6128.TW
6133,金橋,TWSE,Electronics,6133.TW
6136,富爾特,TWSE,Communication,6136.TW
6139,亞翔,TWSE,Electronics,6139.TW
6141,柏承,TWSE,Electronics,6141.TW
6142,友勁,TWSE,Communication,6142.TW
6152,百一,TWSE,Communication,6152.TW
6153,嘉聯益,TWSE,Electronics,6153.TW
6155,鈞寶,TWSE,Electronics,6155.TW
6164,華興,TWSE,Electronics,6164.TW
6165,浪凡,TWSE,AI Server,6165.TW
6166,凌華,TWSE,Computer,6166.TW
6168,宏齊,TWSE,Electronics,6168.TW
6176,瑞儀,TWSE,Electronics,6176.TW
6177,達麗,TWSE,建材營造業,6177.TW
6183,關貿,TWSE,資訊服務業,6183.TW
6184,大豐電,TWSE,其他業,6184.TW
6189,豐藝,TWSE,Electronics,6189.TW
6191,精成科,TWSE,Electronics,6191.TW
6192,巨路,TWSE,Electronics,6192.TW
6196,帆宣,TWSE,Electronics,6196.TW
6197,佳必琪,TWSE,Electronics,6197.TW
6201,亞弘電,TWSE,Electronics,6201.TW
6202,盛群,TWSE,Semiconductor,6202.TW
6205,詮欣,TWSE,Electronics,6205.TW
6206,飛捷,TWSE,Computer,6206.TW
6209,今國光,TWSE,Electronics,6209.TW
6213,聯茂,TWSE,Electronics,6213.TW
6214,精誠,TWSE,資訊服務業,6214.TW
6215,和椿,TWSE,Electronics,6215.TW
6216,居易,TWSE,Communication,6216.TW
6224,聚鼎,TWSE,Electronics,6224.TW
6225,天瀚,TWSE,Electronics,6225.TW
6226,光鼎,TWSE,Electronics,6226.TW
6230,尼得科超眾,TWSE,Computer,6230.TW
6235,華孚,TWSE,Computer,6235.TW
6239,力成,TWSE,Semiconductor,6239.TW
6243,迅杰,TWSE,Semiconductor,6243.TW
6257,矽格,TWSE,Semiconductor,6257.TW
6269,台郡,TWSE,Electronics,6269.TW
6271,同欣電,TWSE,Semiconductor,6271.TW
6272,驊陞,TWSE,Electronics,6272.TW
6277,宏正,TWSE,Computer,6277.TW
6278,台表科,TWSE,Electronics,6278.TW
6281,全國電,TWSE,Electronics,6281.TW
6282,康舒,TWSE,Electronics,6282.TW
6283,淳安,TWSE,Electronics,6283.TW
6285,啟��,TWSE,Communication,6285.TW
6405,悅城,TWSE,Electronics,6405.TW
6409,旭隼,TWSE,Electronics,6409.TW
6412,群電,TWSE,Electronics,6412.TW
6414,樺漢,TWSE,Computer,6414.TW
6415,矽力*-KY,TWSE,Semiconductor,6415.TW
6416,瑞祺電通,TWSE,Communication,6416.TW
6426,統新,TWSE,Communication,6426.TW
6431,光麗-KY,TWSE,Other,6431.TW
6438,迅得,TWSE,Electronics,6438.TW
6442,光聖,TWSE,Communication,6442.TW
6443,元晶,TWSE,Electronics,6443.TW
6446,藥華藥,TWSE,Other,6446.TW
6449,鈺邦,TWSE,Electronics,6449.TW
6451,訊芯-KY,TWSE,Semiconductor,6451.TW
6456,GIS-KY,TWSE,Electronics,6456.TW
6464,台數科,TWSE,其他業,6464.TW
6472,保瑞,TWSE,Other,6472.TW
6477,安集,TWSE,Electronics,6477.TW
6491,晶碩,TWSE,Other,6491.TW
6504,南六,TWSE,其他業,6504.TW
6505,台塑化,TWSE,Other,6505.TW
6515,穎崴,TWSE,Semiconductor,6515.TW
6525,捷敏-KY,TWSE,Semiconductor,6525.TW
6526,達發,TWSE,Semiconductor,6526.TW
6531,愛普*,TWSE,Semiconductor,6531.TW
6533,晶心科,TWSE,Semiconductor,6533.TW
6541,泰福-KY,TWSE,Other,6541.TW
6550,北極星藥業-KY,TWSE,Other,6550.TW
6552,易華電,TWSE,Semiconductor,6552.TW
6558,興能高,TWSE,Electronics,6558.TW
6573,虹揚-KY,TWSE,Semiconductor,6573.TW
6579,研揚,TWSE,Computer,6579.TW
6581,鋼聯,TWSE,Other,6581.TW
6582,申豐,TWSE,橡膠工業,6582.TW
6585,鼎基,TWSE,其他業,6585.TW
6589,台康生技,TWSE,Other,6589.TW
6591,動力-KY,TWSE,Computer,6591.TW
6592,和潤企業,TWSE,其他業,6592.TW
6598,ABC-KY,TWSE,Other,6598.TW
6605,帝寶,TWSE,汽車工業,6605.TW
6606,建德工業,TWSE,Other,6606.TW
6614,資拓宏宇,TWSE,AI Server,6614.TW
6625,必應,TWSE,其他業,6625.TW
6641,基士德-KY,TWSE,Other,6641.TW
6655,科定,TWSE,其他業,6655.TW
6657,華安,TWSE,Other,6657.TW
6658,聯策,TWSE,Electronics,6658.TW
6666,羅麗芬-KY,TWSE,Other,6666.TW
6668,中揚光,TWSE,Electronics,6668.TW
6669,緯穎,TWSE,Computer,6669.TW
6670,復盛應用,TWSE,Other,6670.TW
6671,三能-KY,TWSE,Other,6671.TW
6672,騰輝電子-KY,TWSE,Electronics,6672.TW
6674,鋐寶科技,TWSE,Communication,6674.TW
6689,伊雲谷,TWSE,AI Server,6689.TW
6691,洋基工程,TWSE,Electronics,6691.TW
6695,芯鼎,TWSE,Semiconductor,6695.TW
6698,旭暉應材,TWSE,Electronics,6698.TW
6706,惠特,TWSE,Electronics,6706.TW
6715,嘉基,TWSE,Electronics,6715.TW
6719,力智,TWSE,Semiconductor,6719.TW
6722,輝創,TWSE,Electronics,6722.TW
6742,澤米,TWSE,Electronics,6742.TW
6743,安普新,TWSE,Electronics,6743.TW
6753,龍德造船,TWSE,Other,6753.TW
6754,匯僑設計,TWSE,Other,6754.TW
6756,威鋒電子,TWSE,Semiconductor,6756.TW
6757,台灣虎航,TWSE,Other,6757.TW
6768,志強-KY,TWSE,Other,6768.TW
6770,力積電,TWSE,Semiconductor,6770.TW
6776,展�眥篕�,TWSE,Electronics,6776.TW
6781,AES-KY,TWSE,Electronics,6781.TW
6782,視陽,TWSE,Other,6782.TW
6789,采鈺,TWSE,Semiconductor,6789.TW
6790,永豐實,TWSE,造紙工業,6790.TW
6792,詠業,TWSE,Communication,6792.TW
6794,向榮生技,TWSE,Other,6794.TW
6796,晉弘,TWSE,Other,6796.TW
6799,來頡,TWSE,Semiconductor,6799.TW
6805,富世達,TWSE,Electronics,6805.TW
6806,森崴能源,TWSE,Other,6806.TW
6807,峰源-KY,TWSE,Other,6807.TW
6830,汎銓,TWSE,Electronics,6830.TW
6831,邁科,TWSE,Computer,6831.TW
6834,天二科技,TWSE,Electronics,6834.TW
6835,圓裕,TWSE,Electronics,6835.TW
6838,台新藥,TWSE,Other,6838.TW
6861,睿生光電,TWSE,Other,6861.TW
6862,三集瑞-KY,TWSE,Electronics,6862.TW
6863,永道-KY,TWSE,Communication,6863.TW
6869,雲豹能源,TWSE,Other,6869.TW
6873,泓德能源,TWSE,Other,6873.TW
6885,全福生技,TWSE,Other,6885.TW
6887,寶綠特-KY,TWSE,Other,6887.TW
6890,來億-KY,TWSE,Other,6890.TW
6901,鑽石投資,TWSE,其他業,6901.TW
6902,GOGOLOOK,TWSE,AI Server,6902.TW
6906,現觀科,TWSE,AI Server,6906.TW
6909,創控,TWSE,Semiconductor,6909.TW
6914,阜爾運通,TWSE,其他業,6914.TW
6916,華凌,TWSE,Electronics,6916.TW
6918,愛派司,TWSE,Other,6918.TW
6919,康霈*,TWSE,Other,6919.TW
6923,中台,TWSE,Other,6923.TW
6928,攸泰科技,TWSE,Computer,6928.TW
6931,青松健康,TWSE,Other,6931.TW
6933,AMAX-KY,TWSE,Computer,6933.TW
6934,心誠鎂,TWSE,Other,6934.TW
6936,永鴻生技,TWSE,Other,6936.TW
6937,天虹,TWSE,Semiconductor,6937.TW
6944,兆聯實業,TWSE,Other,6944.TW
6952,大武山,TWSE,其他業,6952.TW
6957,裕慶-KY,TWSE,其他業,6957.TW
6958,日盛台駿,TWSE,其他業,6958.TW
6962,奕力-KY,TWSE,Semiconductor,6962.TW
6965,中傑-KY,TWSE,Other,6965.TW
6994,富威電力,TWSE,Other,6994.TW
7705,三商餐飲,TWSE,觀光餐旅,7705.TW
7711,永擎,TWSE,Computer,7711.TW
7721,微程式,TWSE,AI Server,7721.TW
7722,LINEPAY,TWSE,AI Server,7722.TW
7732,金興精密,TWSE,汽車工業,7732.TW
7736,虎山,TWSE,汽車工業,7736.TW
7749,意騰-KY,TWSE,Semiconductor,7749.TW
7750,新代,TWSE,Other,7750.TW
7765,中華資安,TWSE,AI Server,7765.TW
7769,鴻勁,TWSE,Semiconductor,7769.TW
7780,大研生醫*,TWSE,Other,7780.TW
7786,東方風能,TWSE,Other,7786.TW
7788,松川精密,TWSE,Electronics,7788.TW
7791,皇家可口,TWSE,Other,7791.TW
7795,長廣,TWSE,Electronics,7795.TW
7799,禾榮科,TWSE,Other,7799.TW
7821,神數,TWSE,汽車工業,7821.TW
7822,倍利科,TWSE,Semiconductor,7822.TW
8011,台通,TWSE,Communication,8011.TW
8016,矽創,TWSE,Semiconductor,8016.TW
8021,尖點,TWSE,Electronics,8021.TW
8028,昇陽半導體,TWSE,Semiconductor,8028.TW
8033,雷虎,TWSE,其他業,8033.TW
8039,台虹,TWSE,Electronics,8039.TW
8045,達運光電,TWSE,Communication,8045.TW
8046,南電,TWSE,Electronics,8046.TW
8070,長華*,TWSE,Electronics,8070.TW
8072,陞泰,TWSE,Electronics,8072.TW
8081,致新,TWSE,Semiconductor,8081.TW
8101,華冠,TWSE,Communication,8101.TW
8103,瀚荃,TWSE,Electronics,8103.TW
8104,錸寶,TWSE,Electronics,8104.TW
8105,凌巨,TWSE,Electronics,8105.TW
8110,華東,TWSE,Semiconductor,8110.TW
8112,至上,TWSE,Electronics,8112.TW
8114,振樺電,TWSE,Computer,8114.TW
8131,福懋科,TWSE,Semiconductor,8131.TW
8150,南茂,TWSE,Semiconductor,8150.TW
8163,達方,TWSE,Computer,8163.TW
8201,無敵,TWSE,Electronics,8201.TW
8210,勤誠,TWSE,Computer,8210.TW
8213,志超,TWSE,Electronics,8213.TW
8215,明基材,TWSE,Electronics,8215.TW
8222,寶一,TWSE,Other,8222.TW
8249,菱光,TWSE,Electronics,8249.TW
8261,富鼎,TWSE,Semiconductor,8261.TW
8271,宇瞻,TWSE,Semiconductor,8271.TW
8341,日友,TWSE,Other,8341.TW
8367,建新國際,TWSE,Other,8367.TW
8374,羅昇,TWSE,Other,8374.TW
8404,百和興業-KY,TWSE,其他業,8404.TW
8411,福貞-KY,TWSE,其他業,8411.TW
8422,可寧衛*,TWSE,Other,8422.TW
8429,金麗-KY,TWSE,貿易百貨業,8429.TW
8438,昶昕,TWSE,Other,8438.TW
8442,威宏-KY,TWSE,其他業,8442.TW
8443,阿瘦,TWSE,貿易百貨業,8443.TW
8454,富邦媒,TWSE,AI Server,8454.TW
8462,柏文,TWSE,Other,8462.TW
8463,潤泰材,TWSE,其他業,8463.TW
8464,億豐,TWSE,Other,8464.TW
8466,美吉吉-KY,TWSE,其他業,8466.TW
8467,波力-KY,TWSE,Other,8467.TW
8473,山林水,TWSE,Other,8473.TW
8476,台境*,TWSE,Other,8476.TW
8478,東哥遊艇,TWSE,Other,8478.TW
8481,政伸,TWSE,其他業,8481.TW
8482,商億-KY,TWSE,Other,8482.TW
8488,吉源-KY,TWSE,其他業,8488.TW
8499,鼎炫-KY,TWSE,Electronics,8499.TW
8926,台汽電,TWSE,Other,8926.TW
8940,新天地,TWSE,觀光餐旅,8940.TW
8996,高力,TWSE,Other,8996.TW
9802,鈺齊-KY,TWSE,Other,9802.TW
9902,台火,TWSE,其他業,9902.TW
9904,寶成,TWSE,Other,9904.TW
9905,大華,TWSE,其他業,9905.TW
9906,欣巴巴,TWSE,建材營造業,9906.TW
9907,統一實,TWSE,其他業,9907.TW
9908,大台北,TWSE,Other,9908.TW
9910,豐泰,TWSE,Other,9910.TW
9911,櫻花,TWSE,Other,9911.TW
9912,偉聯,TWSE,Computer,9912.TW
9914,美利達,TWSE,Other,9914.TW
9917,中保科,TWSE,其他業,9917.TW
9918,欣天然,TWSE,Other,9918.TW
9919,康那香,TWSE,其他業,9919.TW
9921,巨大,TWSE,Other,9921.TW
9924,福興,TWSE,Other,9924.TW
9925,新保,TWSE,其他業,9925.TW
9926,新海,TWSE,Other,9926.TW
9927,泰銘,TWSE,其他業,9927.TW
9928,中視,TWSE,其他業,9928.TW
9929,秋雨,TWSE,其他業,9929.TW
9930,中聯資源,TWSE,Other,9930.TW
9931,欣高,TWSE,Other,9931.TW
9933,中鼎,TWSE,其他業,9933.TW
9934,成霖,TWSE,Other,9934.TW
9935,慶豐富,TWSE,Other,9935.TW
9937,全國,TWSE,Other,9937.TW
9938,百和,TWSE,其他業,9938.TW
9939,宏全,TWSE,其他業,9939.TW
9940,信義,TWSE,其他業,9940.TW
9941,裕融,TWSE,其他業,9941.TW
9942,茂順,TWSE,其他業,9942.TW
9943,好樂迪,TWSE,觀光餐旅,9943.TW
9944,新麗,TWSE,其他業,9944.TW
9945,潤泰新,TWSE,其他業,9945.TW
9946,三發地產,TWSE,建材營造業,9946.TW
9955,佳龍,TWSE,Other,9955.TW
9958,世紀鋼,TWSE,Other,9958.TW
2254,巨鎧精密-創,TWSE,汽車工業,2254.TW
2258,鴻華先進-創,TWSE,汽車工業,2258.TW
2432,倚天酷��-創,TWSE,Computer,2432.TW
3150,鈺寶-創,TWSE,Semiconductor,3150.TW
4590,富田-創,TWSE,Other,4590.TW
6534,正瀚-創,TWSE,Other,6534.TW
6645,金萬林-創,TWSE,Other,6645.TW
6771,平和環保-創,TWSE,Other,6771.TW
6854,錼創科技-KY創,TWSE,Semiconductor,6854.TW
6908,宏�砦C戲-創,TWSE,Electronics,6908.TW
6921,嘉雨思-創,TWSE,Semiconductor,6921.TW
6924,榮惠-KY創,TWSE,Electronics,6924.TW
6949,沛爾生醫-創,TWSE,Other,6949.TW
6951,青新-創,TWSE,Other,6951.TW
6955,邦睿生技-創,TWSE,Other,6955.TW
6969,成信實業*-創,TWSE,Other,6969.TW
6988,威力暘-創,TWSE,汽車工業,6988.TW
7610,聯友金屬-創,TWSE,Other,7610.TW
7631,聚賢研發-創,TWSE,Electronics,7631.TW
7730,暉盛-創,TWSE,Semiconductor,7730.TW
7740,熙特爾-創,TWSE,Other,7740.TW
7823,奧義賽博-KY創,TWSE,AI Server,7823.TW
8162,微矽電子-創,TWSE,Semiconductor,8162.TW
8487,愛爾達-創,TWSE,AI Server,8487.TW
0050,元大台灣50,TWSE,Other,0050.TW
0051,元大中型100,TWSE,Other,0051.TW
0052,富邦科技,TWSE,Other,0052.TW
0053,元大電子,TWSE,Other,0053.TW
0055,元大MSCI金融,TWSE,Other,0055.TW
0056,元大高股息,TWSE,Other,0056.TW
0057,富邦摩台,TWSE,Other,0057.TW
0061,元大寶滬深,TWSE,Other,0061.TW
9103,美德醫療-DR,TWSE,Other,9103.TW
9105,泰金寶-DR,TWSE,Other,9105.TW
9110,越南控-DR,TWSE,Other,9110.TW
9136,巨騰-DR,TWSE,Other,9136.TW
1240,茂生農經,TPEX,農業科技業,1240.TWO
1259,安心,TPEX,觀光餐旅,1259.TWO
1264,德麥,TPEX,Other,1264.TWO
1268,漢來美食,TPEX,觀光餐旅,1268.TWO
1294,漢田生技,TPEX,Other,1294.TWO
1295,生合,TPEX,Other,1295.TWO
1336,台翰,TPEX,Electronics,1336.TWO
1565,精華,TPEX,Other,1565.TWO
1569,濱川,TPEX,Computer,1569.TWO
1570,力肯,TPEX,Other,1570.TWO
1580,新麥,TPEX,Other,1580.TWO
1584,精剛,TPEX,其他業,1584.TWO
1586,和勤,TPEX,Other,1586.TWO
1591,駿吉-KY,TPEX,Other,1591.TWO
1593,祺驊,TPEX,Other,1593.TWO
1595,川寶,TPEX,Electronics,1595.TWO
1599,宏佳騰,TPEX,Other,1599.TWO
1742,台蠟,TPEX,化學工業,1742.TWO
1777,生泰,TPEX,Other,1777.TWO
1781,合世,TPEX,Other,1781.TWO
1784,訊聯,TPEX,Other,1784.TWO
1785,光洋科,TPEX,Electronics,1785.TWO
1788,杏昌,TPEX,Other,1788.TWO
1796,金穎生技,TPEX,Other,1796.TWO
1799,易威,TPEX,Other,1799.TWO
1813,寶利徠,TPEX,Other,1813.TWO
1815,富喬,TPEX,Electronics,1815.TWO
2035,唐榮,TPEX,Other,2035.TWO
2061,風青,TPEX,電器電纜,2061.TWO
2063,世鎧,TPEX,Other,2063.TWO
2064,晉椿,TPEX,Other,2064.TWO
2065,世豐,TPEX,Other,2065.TWO
2066,世德,TPEX,Other,2066.TWO
2067,嘉鋼,TPEX,Other,2067.TWO
2070,精湛,TPEX,Other,2070.TWO
2073,雄順,TPEX,Other,2073.TWO
2221,大甲,TPEX,其他業,2221.TWO
2230,泰茂,TPEX,Other,2230.TWO
2235,謚源,TPEX,Other,2235.TWO
2596,綠意,TPEX,建材營造業,2596.TWO
2640,大車隊,TPEX,AI Server,2640.TWO
2641,正德,TPEX,Other,2641.TWO
2643,捷迅,TPEX,Other,2643.TWO
2718,全心投控,TPEX,建材營造業,2718.TWO
2719,燦星旅,TPEX,觀光餐旅,2719.TWO
2724,藝舍-KY,TPEX,其他業,2724.TWO
2726,雅茗-KY,TPEX,觀光餐旅,2726.TWO
2729,瓦城,TPEX,觀光餐旅,2729.TWO
2732,六角,TPEX,觀光餐旅,2732.TWO
2734,易飛網,TPEX,觀光餐旅,2734.TWO
2736,富野,TPEX,觀光餐旅,2736.TWO
2740,華軒,TPEX,觀光餐旅,2740.TWO
2743,山富,TPEX,觀光餐旅,2743.TWO
2745,五福,TPEX,觀光餐旅,2745.TWO
2751,王座,TPEX,觀光餐旅,2751.TWO
2752,豆府,TPEX,觀光餐旅,2752.TWO
2754,亞洲藏壽司,TPEX,觀光餐旅,2754.TWO
2755,揚秦,TPEX,觀光餐旅,2755.TWO
2756,聯發國際,TPEX,觀光餐旅,2756.TWO
2916,滿心,TPEX,Other,2916.TWO
2924,宏太-KY,TPEX,Other,2924.TWO
2926,誠品生活,TPEX,Other,2926.TWO
2937,集雅社,TPEX,Other,2937.TWO
2941,米斯特,TPEX,Other,2941.TWO
2947,振宇五金,TPEX,Other,2947.TWO
2948,寶陞,TPEX,Other,2948.TWO
2949,欣新網,TPEX,AI Server,2949.TWO
3064,泰偉,TPEX,Other,3064.TWO
3066,李洲,TPEX,Electronics,3066.TWO
3067,全域,TPEX,Electronics,3067.TWO
3071,協禧,TPEX,Computer,3071.TWO
3073,天方能源,TPEX,Other,3073.TWO
3078,僑威,TPEX,Electronics,3078.TWO
3081,聯亞,TPEX,Communication,3081.TWO
3083,網龍,TPEX,Other,3083.TWO
3085,新零售,TPEX,AI Server,3085.TWO
3086,華義*,TPEX,Other,3086.TWO
3088,艾訊,TPEX,Computer,3088.TWO
3093,港建*,TPEX,Electronics,3093.TWO
3095,及成,TPEX,Communication,3095.TWO
3105,穩懋,TPEX,Semiconductor,3105.TWO
3114,好德,TPEX,Electronics,3114.TWO
3115,富榮綱,TPEX,Electronics,3115.TWO
3118,進階,TPEX,Other,3118.TWO
3122,笙泉,TPEX,Semiconductor,3122.TWO
3128,昇銳,TPEX,Electronics,3128.TWO
3131,弘塑,TPEX,Electronics,3131.TWO
3141,晶宏,TPEX,Semiconductor,3141.TWO
3147,大綜,TPEX,資訊服務業,3147.TWO
3152,璟德,TPEX,Communication,3152.TWO
3158,嘉實,TPEX,資訊服務業,3158.TWO
3162,精確,TPEX,Other,3162.TWO
3163,波若威,TPEX,Communication,3163.TWO
3169,亞信,TPEX,Semiconductor,3169.TWO
3171,炎洲流通,TPEX,Other,3171.TWO
3176,基亞,TPEX,Other,3176.TWO
3178,公準,TPEX,Semiconductor,3178.TWO
3188,鑫龍騰,TPEX,建材營造業,3188.TWO
3191,雲嘉南,TPEX,Electronics,3191.TWO
3205,佰研,TPEX,Other,3205.TWO
3206,志豐,TPEX,Electronics,3206.TWO
3207,耀勝,TPEX,Electronics,3207.TWO
3211,順達,TPEX,Computer,3211.TWO
3213,茂訊,TPEX,Computer,3213.TWO
3217,優群,TPEX,Electronics,3217.TWO
3218,大學光,TPEX,Other,3218.TWO
3219,倚強科,TPEX,Electronics,3219.TWO
3221,台嘉碩,TPEX,Communication,3221.TWO
3224,三顧,TPEX,Electronics,3224.TWO
3226,龍鋒,TPEX,Other,3226.TWO
3227,原相,TPEX,Semiconductor,3227.TWO
3228,金麗科,TPEX,Semiconductor,3228.TWO
3230,錦明,TPEX,Electronics,3230.TWO
3232,昱捷,TPEX,Electronics,3232.TWO
3234,光環,TPEX,Communication,3234.TWO
3236,千如,TPEX,Electronics,3236.TWO
3252,海灣,TPEX,觀光餐旅,3252.TWO
3259,鑫創,TPEX,Semiconductor,3259.TWO
3260,威剛,TPEX,Semiconductor,3260.TWO
3264,欣銓,TPEX,Semiconductor,3264.TWO
3265,台星科,TPEX,Semiconductor,3265.TWO
3268,海德威,TPEX,Semiconductor,3268.TWO
3272,東碩,TPEX,Computer,3272.TWO
3276,宇環,TPEX,Electronics,3276.TWO
3284,太普高,TPEX,其他業,3284.TWO
3285,微端,TPEX,Electronics,3285.TWO
3287,廣寰科,TPEX,Computer,3287.TWO
3288,點晶,TPEX,Electronics,3288.TWO
3289,宜特,TPEX,Electronics,3289.TWO
3290,東浦,TPEX,Electronics,3290.TWO
3293,鈊象,TPEX,Other,3293.TWO
3294,英濟,TPEX,Electronics,3294.TWO
3297,杭特,TPEX,Electronics,3297.TWO
3303,岱稜,TPEX,Electronics,3303.TWO
3306,鼎天,TPEX,Communication,3306.TWO
3310,佳穎,TPEX,Electronics,3310.TWO
3313,斐成,TPEX,其他業,3313.TWO
3317,尼克森,TPEX,Semiconductor,3317.TWO
3322,建舜電,TPEX,Electronics,3322.TWO
3323,加百裕,TPEX,Computer,3323.TWO
3324,雙鴻,TPEX,Electronics,3324.TWO
3325,旭品,TPEX,Computer,3325.TWO
3332,幸康,TPEX,Electronics,3332.TWO
3339,泰谷,TPEX,Electronics,3339.TWO
3349,寶德,TPEX,Computer,3349.TWO
3354,律勝,TPEX,Electronics,3354.TWO
3357,臺慶科,TPEX,Electronics,3357.TWO
3360,尚立,TPEX,Electronics,3360.TWO
3362,先進光,TPEX,Electronics,3362.TWO
3363,上詮,TPEX,Communication,3363.TWO
3372,典範,TPEX,Semiconductor,3372.TWO
3373,熱映,TPEX,Electronics,3373.TWO
3374,精材,TPEX,Semiconductor,3374.TWO
3379,彬台,TPEX,Other,3379.TWO
3388,崇越電,TPEX,Electronics,3388.TWO
3390,旭軟,TPEX,Electronics,3390.TWO
3402,漢科,TPEX,Electronics,3402.TWO
3426,台興,TPEX,Other,3426.TWO
3430,奇鈦科,TPEX,化學工業,3430.TWO
3434,哲固,TPEX,Electronics,3434.TWO
3438,類比科,TPEX,Semiconductor,3438.TWO
3441,聯一光,TPEX,Electronics,3441.TWO
3444,利機,TPEX,Electronics,3444.TWO
3455,由田,TPEX,Electronics,3455.TWO
3465,進泰電子,TPEX,Electronics,3465.TWO
3466,德晉,TPEX,Communication,3466.TWO
3467,台灣精材,TPEX,Semiconductor,3467.TWO
3479,安勤,TPEX,Computer,3479.TWO
3483,力致,TPEX,Computer,3483.TWO
3484,崧騰,TPEX,Electronics,3484.TWO
3489,森寶,TPEX,建材營造業,3489.TWO
3490,單井,TPEX,Electronics,3490.TWO
3491,昇達科,TPEX,Communication,3491.TWO
3492,長盛,TPEX,Electronics,3492.TWO
3498,陽程,TPEX,Electronics,3498.TWO
3499,環天科,TPEX,Communication,3499.TWO
3508,位速,TPEX,Electronics,3508.TWO
3511,矽瑪,TPEX,Electronics,3511.TWO
3512,皇龍,TPEX,建材營造業,3512.TWO
3516,亞帝歐,TPEX,Electronics,3516.TWO
3520,華盈,TPEX,Electronics,3520.TWO
3521,台鋼建設,TPEX,建材營造業,3521.TWO
3522,御嵿,TPEX,觀光餐旅,3522.TWO
3523,迎輝,TPEX,Electronics,3523.TWO
3526,凡甲,TPEX,Electronics,3526.TWO
3527,聚積,TPEX,Semiconductor,3527.TWO
3529,力旺,TPEX,Semiconductor,3529.TWO
3531,先益,TPEX,Electronics,3531.TWO
3537,堡達,TPEX,Electronics,3537.TWO
3540,曜越,TPEX,Computer,3540.TWO
3541,西柏,TPEX,Electronics,3541.TWO
3546,宇峻,TPEX,Other,3546.TWO
3548,兆利,TPEX,Electronics,3548.TWO
3551,世禾,TPEX,Other,3551.TWO
3552,同致,TPEX,Electronics,3552.TWO
3555,博士旺,TPEX,Semiconductor,3555.TWO
3556,禾瑞亞,TPEX,Semiconductor,3556.TWO
3558,神準,TPEX,Communication,3558.TWO
3564,其陽,TPEX,Communication,3564.TWO
3567,逸昌,TPEX,Semiconductor,3567.TWO
3570,大塚,TPEX,資訊服務業,3570.TWO
3577,泓格,TPEX,Computer,3577.TWO
3580,友威科,TPEX,Electronics,3580.TWO
3581,博磊,TPEX,Semiconductor,3581.TWO
3587,閎康,TPEX,Electronics,3587.TWO
3594,磐儀,TPEX,Computer,3594.TWO
3597,映興,TPEX,Electronics,3597.TWO
3609,三一東林,TPEX,Electronics,3609.TWO
3611,鼎翰,TPEX,Computer,3611.TWO
3615,安可,TPEX,Electronics,3615.TWO
3623,富晶通,TPEX,Electronics,3623.TWO
3624,光頡,TPEX,Electronics,3624.TWO
3625,西勝,TPEX,Computer,3625.TWO
3628,盈正,TPEX,Electronics,3628.TWO
3629,地心引力,TPEX,Other,3629.TWO
3630,新鉅科,TPEX,Electronics,3630.TWO
3631,晟楠,TPEX,Electronics,3631.TWO
3632,研勤,TPEX,Communication,3632.TWO
3646,艾恩特,TPEX,Electronics,3646.TWO
3663,鑫科,TPEX,Electronics,3663.TWO
3664,安瑞-KY,TPEX,Communication,3664.TWO
3666,光耀,TPEX,Electronics,3666.TWO
3672,康聯訊,TPEX,Communication,3672.TWO
3675,德微,TPEX,Semiconductor,3675.TWO
3680,家登,TPEX,Semiconductor,3680.TWO
3684,榮昌,TPEX,Communication,3684.TWO
3685,元創精密,TPEX,Other,3685.TWO
3687,歐買尬,TPEX,AI Server,3687.TWO
3689,湧德,TPEX,Electronics,3689.TWO
3691,碩禾,TPEX,Electronics,3691.TWO
3693,營邦,TPEX,Computer,3693.TWO
3707,漢磊,TPEX,Semiconductor,3707.TWO
3709,鑫聯大投控,TPEX,Computer,3709.TWO
3710,連展投控,TPEX,Electronics,3710.TWO
3713,新晶投控,TPEX,Other,3713.TWO
4102,永日,TPEX,Other,4102.TWO
4105,東洋,TPEX,Other,4105.TWO
4107,邦特,TPEX,Other,4107.TWO
4109,加捷生醫,TPEX,Other,4109.TWO
4111,濟生,TPEX,Other,4111.TWO
4113,聯上,TPEX,建材營造業,4113.TWO
4114,健喬,TPEX,Other,4114.TWO
4116,明基醫,TPEX,Other,4116.TWO
4120,友華,TPEX,Other,4120.TWO
4121,優盛,TPEX,Other,4121.TWO
4123,晟德,TPEX,Other,4123.TWO
4126,太醫,TPEX,Other,4126.TWO
4127,天良,TPEX,Other,4127.TWO
4128,中天,TPEX,Other,4128.TWO
4129,聯合,TPEX,Other,4129.TWO
4130,健亞,TPEX,Other,4130.TWO
4131,浩泰,TPEX,Other,4131.TWO
4138,曜亞,TPEX,Other,4138.TWO
4139,馬光-KY,TPEX,Other,4139.TWO
4147,中裕,TPEX,Other,4147.TWO
4153,鈺緯,TPEX,Other,4153.TWO
4154,樂威科-KY,TPEX,其他業,4154.TWO
4157,太景*-KY,TPEX,Other,4157.TWO
4160,訊聯基因,TPEX,Other,4160.TWO
4161,聿新科,TPEX,Other,4161.TWO
4162,智擎,TPEX,Other,4162.TWO
4163,鐿鈦,TPEX,Other,4163.TWO
4166,友霖,TPEX,Other,4166.TWO
4167,松瑞藥,TPEX,Other,4167.TWO
4168,醣聯,TPEX,Other,4168.TWO
4171,瑞基,TPEX,農業科技業,4171.TWO
4173,久裕,TPEX,Other,4173.TWO
4174,浩鼎,TPEX,Other,4174.TWO
4175,杏一,TPEX,Other,4175.TWO
4183,福永生技,TPEX,Other,4183.TWO
4188,安克,TPEX,Other,4188.TWO
4192,杏國,TPEX,Other,4192.TWO
4198,欣大健康,TPEX,Other,4198.TWO
4205,中華食,TPEX,Other,4205.TWO
4207,環泰,TPEX,Other,4207.TWO
4303,信立,TPEX,Other,4303.TWO
4304,勝昱,TPEX,Other,4304.TWO
4305,世坤,TPEX,Other,4305.TWO
4401,東隆興,TPEX,紡織纖維,4401.TWO
4402,郡都開發,TPEX,紡織纖維,4402.TWO
4406,新昕纖,TPEX,紡織纖維,4406.TWO
4413,飛寶企業,TPEX,紡織纖維,4413.TWO
4416,三圓,TPEX,建材營造業,4416.TWO
4417,金洲,TPEX,紡織纖維,4417.TWO
4419,皇家美食,TPEX,觀光餐旅,4419.TWO
4420,光明,TPEX,紡織纖維,4420.TWO
4430,耀億,TPEX,其他業,4430.TWO
4432,銘旺實,TPEX,紡織纖維,4432.TWO
4433,興采,TPEX,紡織纖維,4433.TWO
4442,竣邦-KY,TPEX,紡織纖維,4442.TWO
4502,健信,TPEX,Other,4502.TWO
4503,金雨,TPEX,Other,4503.TWO
4506,崇友,TPEX,Other,4506.TWO
4510,高鋒,TPEX,Other,4510.TWO
4513,福裕,TPEX,Other,4513.TWO
4523,永彰,TPEX,Other,4523.TWO
4527,方土霖,TPEX,Other,4527.TWO
4528,江興鍛,TPEX,Other,4528.TWO
4529,淳紳,TPEX,其他業,4529.TWO
4530,宏易,TPEX,觀光餐旅,4530.TWO
4533,協易機,TPEX,Other,4533.TWO
4534,慶騰,TPEX,Other,4534.TWO
4535,至興,TPEX,Other,4535.TWO
4538,大詠城,TPEX,Other,4538.TWO
4541,晟田,TPEX,其他業,4541.TWO
4542,科嶠,TPEX,Electronics,4542.TWO
4543,萬在,TPEX,Other,4543.TWO
4549,桓達,TPEX,Other,4549.TWO
4550,長佳,TPEX,Other,4550.TWO
4554,橙的,TPEX,Electronics,4554.TWO
4556,旭然,TPEX,其他業,4556.TWO
4558,寶緯,TPEX,Other,4558.TWO
4561,健椿,TPEX,Other,4561.TWO
4563,百德,TPEX,Other,4563.TWO
4568,科際精密,TPEX,Other,4568.TWO
4577,達航科技,TPEX,Electronics,4577.TWO
4580,捷流閥業,TPEX,Other,4580.TWO
4584,君帆,TPEX,Other,4584.TWO
4609,唐鋒,TPEX,Other,4609.TWO
4702,中美實,TPEX,Other,4702.TWO
4706,大恭,TPEX,化學工業,4706.TWO
4707,磐亞,TPEX,化學工業,4707.TWO
4711,永純,TPEX,化學工業,4711.TWO
4714,永捷,TPEX,化學工業,4714.TWO
4716,大立,TPEX,化學工業,4716.TWO
4721,美琪瑪,TPEX,化學工業,4721.TWO
4726,永昕,TPEX,Other,4726.TWO
4728,雙美,TPEX,Other,4728.TWO
4729,熒茂,TPEX,Electronics,4729.TWO
4735,豪展,TPEX,Other,4735.TWO
4741,泓瀚,TPEX,化學工業,4741.TWO
4743,合一,TPEX,Other,4743.TWO
4744,皇將,TPEX,Other,4744.TWO
4745,合富-KY,TPEX,Other,4745.TWO
4747,強生,TPEX,Other,4747.TWO
4749,新應材,TPEX,Semiconductor,4749.TWO
4754,國碳科,TPEX,化學工業,4754.TWO
4760,勤凱,TPEX,Electronics,4760.TWO
4767,誠泰科技,TPEX,化學工業,4767.TWO
4768,晶呈科技,TPEX,化學工業,4768.TWO
4772,台特化,TPEX,化學工業,4772.TWO
4804,大略-KY,TPEX,觀光餐旅,4804.TWO
4806,桂田文創,TPEX,Other,4806.TWO
4903,聯光通,TPEX,Communication,4903.TWO
4905,台聯電,TPEX,Communication,4905.TWO
4907,富宇,TPEX,建材營造業,4907.TWO
4908,前鼎,TPEX,Communication,4908.TWO
4909,新復興,TPEX,Communication,4909.TWO
4911,德英,TPEX,Other,4911.TWO
4923,力士,TPEX,Semiconductor,4923.TWO
4924,欣厚-KY,TPEX,Computer,4924.TWO
4931,新盛力,TPEX,Computer,4931.TWO
4933,友輝,TPEX,Electronics,4933.TWO
4939,亞電,TPEX,Electronics,4939.TWO
4946,辣椒,TPEX,Other,4946.TWO
4950,金耘國際,TPEX,Other,4950.TWO
4951,精拓科,TPEX,Semiconductor,4951.TWO
4953,緯軟,TPEX,資訊服務業,4953.TWO
4966,譜瑞-KY,TPEX,Semiconductor,4966.TWO
4971,IET-KY,TPEX,Semiconductor,4971.TWO
4972,湯石照明,TPEX,Electronics,4972.TWO
4973,廣穎,TPEX,Semiconductor,4973.TWO
4974,亞泰,TPEX,Electronics,4974.TWO
4979,華星光,TPEX,Communication,4979.TWO
4987,科誠,TPEX,Computer,4987.TWO
4991,環宇-KY,TPEX,Semiconductor,4991.TWO
4995,晶達,TPEX,Electronics,4995.TWO
5009,榮剛,TPEX,Other,5009.TWO
5011,久陽,TPEX,Other,5011.TWO
5013,強新,TPEX,Other,5013.TWO
5014,建錩,TPEX,Other,5014.TWO
5015,華祺,TPEX,Other,5015.TWO
5016,松和,TPEX,Other,5016.TWO
5201,凱衛,TPEX,資訊服務業,5201.TWO
5202,力新,TPEX,資訊服務業,5202.TWO
5205,中茂,TPEX,Other,5205.TWO
5206,坤悅,TPEX,建材營造業,5206.TWO
5209,新鼎,TPEX,其他業,5209.TWO
5210,寶碩,TPEX,資訊服務業,5210.TWO
5211,蒙恬,TPEX,資訊服務業,5211.TWO
5212,凌網,TPEX,資訊服務業,5212.TWO
5213,亞昕,TPEX,建材營造業,5213.TWO
5220,萬達光電,TPEX,Electronics,5220.TWO
5223,安力-KY,TPEX,Computer,5223.TWO
5227,立凱-KY,TPEX,Electronics,5227.TWO
5228,鈺鎧,TPEX,Electronics,5228.TWO
5230,雷笛克光學,TPEX,Electronics,5230.TWO
5236,凌陽創新,TPEX,Semiconductor,5236.TWO
5245,智晶,TPEX,Electronics,5245.TWO
5251,天鉞電,TPEX,Electronics,5251.TWO
5263,智崴,TPEX,Other,5263.TWO
5272,笙科,TPEX,Semiconductor,5272.TWO
5274,信驊,TPEX,Semiconductor,5274.TWO
5276,達輝-KY,TPEX,其他業,5276.TWO
5278,尚凡*,TPEX,AI Server,5278.TWO
5287,數字,TPEX,AI Server,5287.TWO
5289,宜鼎,TPEX,Computer,5289.TWO
5291,邑昇,TPEX,Electronics,5291.TWO
5299,杰力,TPEX,Semiconductor,5299.TWO
5301,寶得利,TPEX,觀光餐旅,5301.TWO
5302,太欣,TPEX,Semiconductor,5302.TWO
5309,系統電,TPEX,Electronics,5309.TWO
5310,天剛,TPEX,資訊服務業,5310.TWO
5312,寶島科,TPEX,Other,5312.TWO
5314,世紀*,TPEX,其他業,5314.TWO
5315,光聯,TPEX,Electronics,5315.TWO
5321,美而快,TPEX,AI Server,5321.TWO
5324,士開,TPEX,建材營造業,5324.TWO
5328,華容,TPEX,Electronics,5328.TWO
5340,建榮,TPEX,Electronics,5340.TWO
5344,立衛,TPEX,Semiconductor,5344.TWO
5345,馥鴻,TPEX,其他業,5345.TWO
5347,世界,TPEX,Semiconductor,5347.TWO
5348,正能量智能,TPEX,Other,5348.TWO
5351,鈺創,TPEX,Semiconductor,5351.TWO
5353,台林,TPEX,Communication,5353.TWO
5355,佳總,TPEX,Electronics,5355.TWO
5356,協益,TPEX,Computer,5356.TWO
5364,力麗店,TPEX,觀光餐旅,5364.TWO
5371,中光電,TPEX,Electronics,5371.TWO
5381,光譜,TPEX,Electronics,5381.TWO
5386,青雲,TPEX,Computer,5386.TWO
5392,能率,TPEX,Electronics,5392.TWO
5398,慕康生醫,TPEX,其他業,5398.TWO
5403,中菲,TPEX,資訊服務業,5403.TWO
5410,國眾,TPEX,資訊服務業,5410.TWO
5425,台半,TPEX,Semiconductor,5425.TWO
5426,振發,TPEX,Computer,5426.TWO
5432,新門,TPEX,Other,5432.TWO
5438,東友,TPEX,Computer,5438.TWO
5439,高技,TPEX,Electronics,5439.TWO
5443,均豪,TPEX,Semiconductor,5443.TWO
5450,南良,TPEX,其他業,5450.TWO
5452,佶優,TPEX,Electronics,5452.TWO
5455,昇益,TPEX,建材營造業,5455.TWO
5457,宣德,TPEX,Electronics,5457.TWO
5460,同協,TPEX,Electronics,5460.TWO
5464,霖宏,TPEX,Electronics,5464.TWO
5465,富驊,TPEX,Computer,5465.TWO
5468,凱鈺,TPEX,Semiconductor,5468.TWO
5474,聰泰,TPEX,Computer,5474.TWO
5475,德宏,TPEX,Electronics,5475.TWO
5478,智冠,TPEX,Other,5478.TWO
5481,新華,TPEX,其他業,5481.TWO
5483,中美晶,TPEX,Semiconductor,5483.TWO
5487,通泰,TPEX,Semiconductor,5487.TWO
5488,松普,TPEX,Electronics,5488.TWO
5489,彩富,TPEX,Electronics,5489.TWO
5490,同亨,TPEX,Computer,5490.TWO
5493,三聯,TPEX,Electronics,5493.TWO
5498,凱崴,TPEX,Electronics,5498.TWO
5508,永信建,TPEX,建材營造業,5508.TWO
5511,德昌,TPEX,建材營造業,5511.TWO
5512,力麒,TPEX,建材營造業,5512.TWO
5514,三豐,TPEX,建材營造業,5514.TWO
5516,雙喜,TPEX,建材營造業,5516.TWO
5520,力泰,TPEX,建材營造業,5520.TWO
5523,豐謙,TPEX,建材營造業,5523.TWO
5529,鉅陞,TPEX,建材營造業,5529.TWO
5530,龍巖,TPEX,其他業,5530.TWO
5536,聖暉*,TPEX,Electronics,5536.TWO
5543,桓鼎-KY,TPEX,建材營造業,5543.TWO
5547,久舜,TPEX,建材營造業,5547.TWO
5548,安倉,TPEX,建材營造業,5548.TWO
5601,台聯櫃,TPEX,Other,5601.TWO
5603,陸海,TPEX,Other,5603.TWO
5604,中連,TPEX,其他業,5604.TWO
5609,中菲行,TPEX,Other,5609.TWO
5701,劍湖山,TPEX,觀光餐旅,5701.TWO
5703,亞都,TPEX,觀光餐旅,5703.TWO
5704,老爺知,TPEX,觀光餐旅,5704.TWO
5864,致和證,TPEX,Other,5864.TWO
5878,台名,TPEX,Other,5878.TWO
5902,德記,TPEX,Other,5902.TWO
5903,全家,TPEX,Other,5903.TWO
5904,寶雅,TPEX,Other,5904.TWO
5905,南仁湖,TPEX,觀光餐旅,5905.TWO
6015,宏遠證,TPEX,Other,6015.TWO
6016,康和證,TPEX,Other,6016.TWO
6020,大展證,TPEX,Other,6020.TWO
6021,美好證,TPEX,Other,6021.TWO
6023,元大期,TPEX,Other,6023.TWO
6026,福邦證,TPEX,Other,6026.TWO
6028,公勝保經,TPEX,Other,6028.TWO
6101,寬魚國際,TPEX,Other,6101.TWO
6103,合邦,TPEX,Semiconductor,6103.TWO
6104,創惟,TPEX,Semiconductor,6104.TWO
6109,亞元,TPEX,Communication,6109.TWO
6111,光聚晶電,TPEX,Other,6111.TWO
6113,亞矽,TPEX,Electronics,6113.TWO
6114,久威,TPEX,Electronics,6114.TWO
6118,建達,TPEX,Electronics,6118.TWO
6121,新普,TPEX,Computer,6121.TWO
6122,擎邦,TPEX,Other,6122.TWO
6123,上奇,TPEX,資訊服務業,6123.TWO
6124,業強,TPEX,Electronics,6124.TWO
6125,廣運,TPEX,Electronics,6125.TWO
6126,信音,TPEX,Electronics,6126.TWO
6127,九豪,TPEX,Electronics,6127.TWO
6129,普誠,TPEX,Semiconductor,6129.TWO
6130,上亞科技,TPEX,Other,6130.TWO
6134,萬旭,TPEX,Electronics,6134.TWO
6138,茂達,TPEX,Semiconductor,6138.TWO
6140,訊達,TPEX,資訊服務業,6140.TWO
6143,振曜,TPEX,Communication,6143.TWO
6144,得利影,TPEX,Other,6144.TWO
6146,耕興,TPEX,Electronics,6146.TWO
6147,頎邦,TPEX,Semiconductor,6147.TWO
6148,驊宏資,TPEX,資訊服務業,6148.TWO
6150,撼訊,TPEX,Computer,6150.TWO
6151,晉倫,TPEX,Electronics,6151.TWO
6154,順發,TPEX,Electronics,6154.TWO
6156,松上,TPEX,Electronics,6156.TWO
6158,禾昌,TPEX,Electronics,6158.TWO
6160,欣技,TPEX,Computer,6160.TWO
6161,捷波,TPEX,Computer,6161.TWO
6163,華電網,TPEX,Communication,6163.TWO
6167,久正,TPEX,Electronics,6167.TWO
6169,昱泉,TPEX,Other,6169.TWO
6170,統振,TPEX,Communication,6170.TWO
6171,大城地產,TPEX,建材營造業,6171.TWO
6173,信昌電,TPEX,Electronics,6173.TWO
6174,安��,TPEX,Electronics,6174.TWO
6175,立敦,TPEX,Electronics,6175.TWO
6179,亞通,TPEX,其他業,6179.TWO
6180,橘子,TPEX,Other,6180.TWO
6182,合晶,TPEX,Semiconductor,6182.TWO
6185,幃翔,TPEX,Electronics,6185.TWO
6186,新潤,TPEX,建材營造業,6186.TWO
6187,萬潤,TPEX,Semiconductor,6187.TWO
6188,廣明,TPEX,Computer,6188.TWO
6190,萬泰科,TPEX,Communication,6190.TWO
6194,育富,TPEX,Electronics,6194.TWO
6195,詩肯,TPEX,Other,6195.TWO
6198,瑞築,TPEX,建材營造業,6198.TWO
6199,天品,TPEX,其他業,6199.TWO
6203,海韻電,TPEX,Electronics,6203.TWO
6204,艾華,TPEX,Electronics,6204.TWO
6207,雷科,TPEX,Electronics,6207.TWO
6208,日揚,TPEX,Semiconductor,6208.TWO
6210,慶生,TPEX,Electronics,6210.TWO
6212,理銘,TPEX,建材營造業,6212.TWO
6217,中探針,TPEX,Electronics,6217.TWO
6218,豪勉,TPEX,Communication,6218.TWO
6219,富旺,TPEX,建材營造業,6219.TWO
6220,岳豐,TPEX,Electronics,6220.TWO
6221,晉泰,TPEX,資訊服務業,6221.TWO
6222,立軒,TPEX,Electronics,6222.TWO
6223,旺矽,TPEX,Semiconductor,6223.TWO
6227,茂綸,TPEX,Electronics,6227.TWO
6228,全譜,TPEX,Computer,6228.TWO
6229,研通,TPEX,Semiconductor,6229.TWO
6231,系微,TPEX,資訊服務業,6231.TWO
6233,旺玖,TPEX,Semiconductor,6233.TWO
6234,高僑,TPEX,Electronics,6234.TWO
6236,中湛,TPEX,其他業,6236.TWO
6237,驊訊,TPEX,Semiconductor,6237.TWO
6240,松崗,TPEX,資訊服務業,6240.TWO
6241,易通展,TPEX,Communication,6241.TWO
6242,立康,TPEX,Other,6242.TWO
6244,茂迪,TPEX,Electronics,6244.TWO
6245,立端,TPEX,Communication,6245.TWO
6246,臺龍,TPEX,Electronics,6246.TWO
6248,沛波,TPEX,Other,6248.TWO
6259,百徽,TPEX,Electronics,6259.TWO
6261,久元,TPEX,Semiconductor,6261.TWO
6263,普萊德,TPEX,Communication,6263.TWO
6264,富裔,TPEX,建材營造業,6264.TWO
6265,方土昶,TPEX,Electronics,6265.TWO
6266,泰詠,TPEX,Electronics,6266.TWO
6270,倍微,TPEX,Electronics,6270.TWO
6274,台燿,TPEX,Electronics,6274.TWO
6275,元山,TPEX,Electronics,6275.TWO
6276,安鈦克,TPEX,Computer,6276.TWO
6279,胡連,TPEX,Electronics,6279.TWO
6284,佳邦,TPEX,Electronics,6284.TWO
6290,良維,TPEX,Electronics,6290.TWO
6291,沛亨,TPEX,Semiconductor,6291.TWO
6292,迅德,TPEX,Electronics,6292.TWO
6294,智基,TPEX,Other,6294.TWO
6411,晶焱,TPEX,Semiconductor,6411.TWO
6417,韋僑,TPEX,Communication,6417.TWO
6418,詠昇,TPEX,Electronics,6418.TWO
6419,京晨科,TPEX,Electronics,6419.TWO
6423,億而得,TPEX,Semiconductor,6423.TWO
6425,易發,TPEX,Other,6425.TWO
6432,今展科,TPEX,Electronics,6432.TWO
6435,大中,TPEX,Semiconductor,6435.TWO
6441,廣錠,TPEX,Computer,6441.TWO
6461,益得,TPEX,Other,6461.TWO
6462,神盾,TPEX,Semiconductor,6462.TWO
6465,威潤,TPEX,Communication,6465.TWO
6469,大樹,TPEX,Other,6469.TWO
6470,宇智,TPEX,Communication,6470.TWO
6474,華豫寧,TPEX,Electronics,6474.TWO
6482,弘煜科,TPEX,Other,6482.TWO
6485,點序,TPEX,Semiconductor,6485.TWO
6486,互動,TPEX,Communication,6486.TWO
6488,環球晶,TPEX,Semiconductor,6488.TWO
6492,生華科,TPEX,Other,6492.TWO
6494,九齊,TPEX,Semiconductor,6494.TWO
6496,科懋,TPEX,Other,6496.TWO
6498,久禾光,TPEX,Electronics,6498.TWO
6499,益安,TPEX,Other,6499.TWO
6506,雙邦,TPEX,紡織纖維,6506.TWO
6508,惠光,TPEX,農業科技業,6508.TWO
6509,聚和,TPEX,化學工業,6509.TWO
6510,精測,TPEX,Semiconductor,6510.TWO
6512,啟發電,TPEX,Electronics,6512.TWO
6516,勤崴國際,TPEX,資訊服務業,6516.TWO
6517,保勝光學,TPEX,Electronics,6517.TWO
6523,達爾膚,TPEX,Other,6523.TWO
6527,明達醫,TPEX,Other,6527.TWO
6530,創威,TPEX,Communication,6530.TWO
6532,瑞耘,TPEX,Semiconductor,6532.TWO
6535,順藥,TPEX,Other,6535.TWO
6538,倉和,TPEX,Electronics,6538.TWO
6542,隆中,TPEX,Other,6542.TWO
6546,正基,TPEX,Communication,6546.TWO
6547,高端疫苗,TPEX,Other,6547.TWO
6548,長科*,TPEX,Semiconductor,6548.TWO
6556,勝品,TPEX,Electronics,6556.TWO
6560,欣普羅,TPEX,Electronics,6560.TWO
6561,是方,TPEX,Communication,6561.TWO
6568,宏觀,TPEX,Semiconductor,6568.TWO
6569,醫揚,TPEX,Other,6569.TWO
6570,維田,TPEX,Computer,6570.TWO
6574,霈方,TPEX,Other,6574.TWO
6576,逸達,TPEX,Other,6576.TWO
6577,勁豐,TPEX,Computer,6577.TWO
6578,達邦蛋白,TPEX,農業科技業,6578.TWO
6584,南俊國際,TPEX,Electronics,6584.TWO
6588,東典光電,TPEX,Communication,6588.TWO
6590,普鴻,TPEX,資訊服務業,6590.TWO
6593,台灣銘板,TPEX,資訊服務業,6593.TWO
6596,寬宏藝術,TPEX,Other,6596.TWO
6597,立誠,TPEX,Electronics,6597.TWO
6603,富強鑫,TPEX,Other,6603.TWO
6609,瀧澤科,TPEX,Other,6609.TWO
6612,奈米醫材,TPEX,Other,6612.TWO
6613,朋億*,TPEX,Electronics,6613.TWO
6615,慧智,TPEX,Other,6615.TWO
6616,特昇-KY,TPEX,Other,6616.TWO
6617,共信-KY,TPEX,Other,6617.TWO
6620,漢達,TPEX,Other,6620.TWO
6624,萬年清,TPEX,Other,6624.TWO
6629,泰金-KY,TPEX,Other,6629.TWO
6637,醫影,TPEX,Other,6637.TWO
6640,均華,TPEX,Semiconductor,6640.TWO
6642,富致,TPEX,Electronics,6642.TWO
6643,M31,TPEX,Semiconductor,6643.TWO
6649,台生材,TPEX,Other,6649.TWO
6651,全宇昕,TPEX,Semiconductor,6651.TWO
6654,天正國際,TPEX,Electronics,6654.TWO
6661,威健生技,TPEX,Other,6661.TWO
6662,樂斯科,TPEX,Other,6662.TWO
6664,群翊,TPEX,Electronics,6664.TWO
6667,信紘科,TPEX,Electronics,6667.TWO
6679,鈺太,TPEX,Semiconductor,6679.TWO
6680,鑫創電子,TPEX,Computer,6680.TWO
6683,雍智科技,TPEX,Semiconductor,6683.TWO
6684,安格,TPEX,Semiconductor,6684.TWO
6690,安�硌穈T,TPEX,AI Server,6690.TWO
6692,進能服,TPEX,Other,6692.TWO
6693,廣閎科,TPEX,Semiconductor,6693.TWO
6697,東捷資訊,TPEX,資訊服務業,6697.TWO
6703,軒郁,TPEX,Other,6703.TWO
6708,天擎,TPEX,Semiconductor,6708.TWO
6712,長聖,TPEX,Other,6712.TWO
6716,應廣,TPEX,Semiconductor,6716.TWO
6720,久昌,TPEX,Semiconductor,6720.TWO
6721,信實,TPEX,其他業,6721.TWO
6725,矽科宏晟,TPEX,Electronics,6725.TWO
6727,亞泰金屬,TPEX,Electronics,6727.TWO
6728,上洋,TPEX,Other,6728.TWO
6730,常廣,TPEX,Other,6730.TWO
6732,昇佳電子,TPEX,Semiconductor,6732.TWO
6733,博晟生醫,TPEX,Other,6733.TWO
6735,美達科技,TPEX,Electronics,6735.TWO
6739,竹陞科技,TPEX,Electronics,6739.TWO
6741,91APP*-KY,TPEX,AI Server,6741.TWO
6751,智聯服務,TPEX,資訊服務業,6751.TWO
6752,叡揚,TPEX,資訊服務業,6752.TWO
6761,穩得,TPEX,Electronics,6761.TWO
6762,達亞,TPEX,Other,6762.TWO
6763,綠界科技*,TPEX,AI Server,6763.TWO
6767,台微醫,TPEX,Other,6767.TWO
6785,昱展新藥,TPEX,Other,6785.TWO
6788,華景電,TPEX,Semiconductor,6788.TWO
6791,虎門科技,TPEX,資訊服務業,6791.TWO
6803,崑鼎,TPEX,Other,6803.TWO
6804,明係,TPEX,Other,6804.TWO
6811,宏�硌穈T,TPEX,AI Server,6811.TWO
6821,聯寶,TPEX,Electronics,6821.TWO
6823,濾能,TPEX,Semiconductor,6823.TWO
6829,千附精密,TPEX,Semiconductor,6829.TWO
6840,東研信超,TPEX,Electronics,6840.TWO
6841,長佳智能,TPEX,Other,6841.TWO
6843,進典,TPEX,Other,6843.TWO
6844,諾貝兒,TPEX,Other,6844.TWO
6846,綠茵,TPEX,Other,6846.TWO
6855,數泓科,TPEX,Electronics,6855.TWO
6856,鑫傳,TPEX,Other,6856.TWO
6859,伯特光,TPEX,Electronics,6859.TWO
6865,偉康科技,TPEX,AI Server,6865.TWO
6870,騰雲,TPEX,AI Server,6870.TWO
6872,浩宇生醫,TPEX,Other,6872.TWO
6874,倍力,TPEX,資訊服務業,6874.TWO
6875,國邑*,TPEX,Other,6875.TWO
6877,鏵友益,TPEX,Electronics,6877.TWO
6881,潤德,TPEX,其他業,6881.TWO
6884,海柏特,TPEX,資訊服務業,6884.TWO
6894,衛司特,TPEX,Other,6894.TWO
6895,宏碩系統,TPEX,Semiconductor,6895.TWO
6899,創為精密,TPEX,Electronics,6899.TWO
6903,巨漢,TPEX,Electronics,6903.TWO
6904,伯鑫,TPEX,其他業,6904.TWO
6907,雅特力-KY,TPEX,Semiconductor,6907.TWO
6910,德鴻,TPEX,AI Server,6910.TWO
6913,鴻呈,TPEX,Electronics,6913.TWO
6922,宸曜,TPEX,Computer,6922.TWO
6925,意藍,TPEX,AI Server,6925.TWO
6929,佑全,TPEX,Other,6929.TWO
6953,家碩,TPEX,Semiconductor,6953.TWO
6961,旅天下,TPEX,觀光餐旅,6961.TWO
6967,汎瑋材料,TPEX,Electronics,6967.TWO
6968,萬達寵物,TPEX,Other,6968.TWO
6971,惠民實業,TPEX,Other,6971.TWO
6982,大井泵浦,TPEX,Other,6982.TWO
6996,力領科技,TPEX,Semiconductor,6996.TWO
6997,博弘,TPEX,AI Server,6997.TWO
7402,邑錡,TPEX,Electronics,7402.TWO
7547,碩網,TPEX,AI Server,7547.TWO
7556,意德士,TPEX,Semiconductor,7556.TWO
7584,樂意,TPEX,Other,7584.TWO
7642,昶瑞機電,TPEX,Other,7642.TWO
7703,銳澤,TPEX,Electronics,7703.TWO
7704,明遠精密,TPEX,Semiconductor,7704.TWO
7708,全家餐飲,TPEX,觀光餐旅,7708.TWO
7709,榮田,TPEX,Other,7709.TWO
7712,博盛半導體,TPEX,Semiconductor,7712.TWO
7713,威力德生醫,TPEX,Other,7713.TWO
7714,創泓科技,TPEX,AI Server,7714.TWO
7715,裕山,TPEX,Other,7715.TWO
7716,昱臺國際,TPEX,Other,7716.TWO
7717,萊德光電-KY,TPEX,Communication,7717.TWO
7718,友鋮,TPEX,Other,7718.TWO
7723,築間,TPEX,觀光餐旅,7723.TWO
7728,光焱科技,TPEX,Electronics,7728.TWO
7734,印能科技,TPEX,Semiconductor,7734.TWO
7738,東聯互動,TPEX,AI Server,7738.TWO
7743,金利食安,TPEX,Other,7743.TWO
7744,崴寶,TPEX,Electronics,7744.TWO
7747,昕奇雲端,TPEX,AI Server,7747.TWO
7751,竑騰,TPEX,Semiconductor,7751.TWO
7753,星亞,TPEX,Electronics,7753.TWO
7757,金色三麥,TPEX,觀光餐旅,7757.TWO
7767,仁大資訊,TPEX,資訊服務業,7767.TWO
7770,君曜,TPEX,Semiconductor,7770.TWO
7777,能率亞洲,TPEX,其他業,7777.TWO
7782,光速火箭,TPEX,Other,7782.TWO
7792,安葆,TPEX,Electronics,7792.TWO
7794,宏�硒撥s,TPEX,Other,7794.TWO
7805,威聯通,TPEX,AI Server,7805.TWO
7810,捷創科技,TPEX,Semiconductor,7810.TWO
7811,民盛,TPEX,Other,7811.TWO
8024,佑華,TPEX,Semiconductor,8024.TWO
8027,鈦昇,TPEX,Other,8027.TWO
8032,光菱,TPEX,Electronics,8032.TWO
8034,榮群,TPEX,Communication,8034.TWO
8038,長園科,TPEX,Electronics,8038.TWO
8040,九暘,TPEX,Semiconductor,8040.TWO
8042,金山電,TPEX,Electronics,8042.TWO
8043,蜜望實,TPEX,Electronics,8043.TWO
8044,網家,TPEX,AI Server,8044.TWO
8047,星雲,TPEX,Electronics,8047.TWO
8048,德勝,TPEX,Communication,8048.TWO
8049,晶采,TPEX,Electronics,8049.TWO
8050,廣積,TPEX,Computer,8050.TWO
8054,安國,TPEX,Semiconductor,8054.TWO
8059,凱碩,TPEX,Communication,8059.TWO
8064,東捷,TPEX,Electronics,8064.TWO
8066,來思達,TPEX,Other,8066.TWO
8067,志旭,TPEX,Electronics,8067.TWO
8068,全達,TPEX,Electronics,8068.TWO
8069,元太,TPEX,Electronics,8069.TWO
8071,能率網通,TPEX,Electronics,8071.TWO
8074,鉅橡,TPEX,Electronics,8074.TWO
8076,伍豐,TPEX,Computer,8076.TWO
8077,洛��,TPEX,觀光餐旅,8077.TWO
8080,泰霖,TPEX,建材營造業,8080.TWO
8083,瑞穎,TPEX,Other,8083.TWO
8084,巨虹,TPEX,Electronics,8084.TWO
8085,福華,TPEX,Electronics,8085.TWO
8086,宏捷科,TPEX,Semiconductor,8086.TWO
8087,麗升能源,TPEX,Other,8087.TWO
8088,品安,TPEX,Semiconductor,8088.TWO
8089,康全電訊,TPEX,Communication,8089.TWO
8091,翔名,TPEX,Semiconductor,8091.TWO
8092,建暐,TPEX,Electronics,8092.TWO
8093,保銳,TPEX,Electronics,8093.TWO
8096,擎亞,TPEX,Electronics,8096.TWO
8097,常珵,TPEX,Communication,8097.TWO
8099,大世科,TPEX,資訊服務業,8099.TWO
8102,傑霖科技,TPEX,Semiconductor,8102.TWO
8107,大億金茂,TPEX,Other,8107.TWO
8109,博大,TPEX,Electronics,8109.TWO
8111,立��,TPEX,Electronics,8111.TWO
8121,越峰,TPEX,Electronics,8121.TWO
8147,正淩,TPEX,Electronics,8147.TWO
8155,博智,TPEX,Electronics,8155.TWO
8171,天宇,TPEX,Other,8171.TWO
8176,智捷,TPEX,Communication,8176.TWO
8182,加高,TPEX,Electronics,8182.TWO
8183,精星,TPEX,Electronics,8183.TWO
8227,巨有科技,TPEX,Semiconductor,8227.TWO
8234,新漢,TPEX,Computer,8234.TWO
8240,華宏,TPEX,Electronics,8240.TWO
8255,朋程,TPEX,Other,8255.TWO
8272,全景軟體,TPEX,資訊服務業,8272.TWO
8277,商丞,TPEX,Semiconductor,8277.TWO
8279,生展,TPEX,Other,8279.TWO
8284,三竹,TPEX,資訊服務業,8284.TWO
8289,泰藝,TPEX,Electronics,8289.TWO
8291,尚茂,TPEX,Electronics,8291.TWO
8299,群聯,TPEX,Semiconductor,8299.TWO
8342,益張,TPEX,其他業,8342.TWO
8349,�矬�,TPEX,Other,8349.TWO
8354,冠好,TPEX,其他業,8354.TWO
8358,金居,TPEX,Electronics,8358.TWO
8383,千附,TPEX,Semiconductor,8383.TWO
8390,金益鼎,TPEX,Other,8390.TWO
8401,白紗科,TPEX,其他業,8401.TWO
8403,盛弘,TPEX,Other,8403.TWO
8409,商之器,TPEX,Other,8409.TWO
8410,森田,TPEX,Computer,8410.TWO
8415,大國鋼,TPEX,Other,8415.TWO
8416,實威,TPEX,資訊服務業,8416.TWO
8421,旭源,TPEX,其他業,8421.TWO
8423,保綠-KY,TPEX,Other,8423.TWO
8424,惠普,TPEX,建材營造業,8424.TWO
8426,紅木-KY,TPEX,其他業,8426.TWO
8431,匯鑽科,TPEX,Electronics,8431.TWO
8432,東生華,TPEX,Other,8432.TWO
8433,弘帆,TPEX,Other,8433.TWO
8435,鉅邁,TPEX,其他業,8435.TWO
8436,大江,TPEX,Other,8436.TWO
8437,大地-KY,TPEX,其他業,8437.TWO
8440,綠電,TPEX,Other,8440.TWO
8444,綠河-KY,TPEX,其他業,8444.TWO
8446,華研,TPEX,Other,8446.TWO
8450,霹靂,TPEX,Other,8450.TWO
8455,大拓-KY,TPEX,Electronics,8455.TWO
8472,夠麻吉,TPEX,AI Server,8472.TWO
8477,創業家,TPEX,AI Server,8477.TWO
8489,三貝德,TPEX,其他業,8489.TWO
8905,裕國,TPEX,其他業,8905.TWO
8906,花王,TPEX,其他業,8906.TWO
8908,欣雄,TPEX,Other,8908.TWO
8916,光隆,TPEX,其他業,8916.TWO
8917,欣泰,TPEX,Other,8917.TWO
8921,沈氏,TPEX,其他業,8921.TWO
8923,時報,TPEX,Other,8923.TWO
8924,大田,TPEX,Other,8924.TWO
8927,北基,TPEX,Other,8927.TWO
8928,鉅明,TPEX,Other,8928.TWO
8929,富堡,TPEX,其他業,8929.TWO
8930,青鋼,TPEX,Other,8930.TWO
8931,大汽電,TPEX,Other,8931.TWO
8932,智通*,TPEX,其他業,8932.TWO
8933,愛地雅,TPEX,Other,8933.TWO
8935,邦泰,TPEX,其他業,8935.TWO
8936,國統,TPEX,其他業,8936.TWO
8937,合騏*,TPEX,其他業,8937.TWO
8938,明安,TPEX,Other,8938.TWO
8941,關中,TPEX,Other,8941.TWO
8942,森鉅,TPEX,其他業,8942.TWO
9949,琉園,TPEX,Other,9949.TWO
9950,萬國通,TPEX,Other,9950.TWO
9951,皇田,TPEX,Other,9951.TWO
9960,邁達康,TPEX,Other,9960.TWO
9962,有益,TPEX,Other,9962.TWO
