code,ticker,reason
1101,1101.TW,feature_failed
1102,1102.TW,feature_failed
1103,1103.TW,feature_failed
1104,1104.TW,feature_failed
1108,1108.TW,feature_failed
1109,1109.TW,feature_failed
1110,1110.TW,feature_failed
1201,1201.TW,feature_failed
1203,1203.TW,feature_failed
1210,1210.TW,feature_failed
1213,1213.TW,feature_failed
1215,1215.TW,feature_failed
1216,1216.TW,feature_failed
1217,1217.TW,feature_failed
1218,1218.TW,feature_failed
1219,1219.TW,feature_failed
1220,1220.TW,feature_failed
1225,1225.TW,feature_failed
1227,1227.TW,feature_failed
1229,1229.TW,feature_failed
1231,1231.TW,feature_failed
1232,1232.TW,feature_failed
1233,1233.TW,feature_failed
1234,1234.TW,feature_failed
1235,1235.TW,feature_failed
1236,1236.TW,feature_failed
1256,1256.TW,feature_failed
1301,1301.TW,feature_failed
1303,1303.TW,feature_failed
1304,1304.TW,feature_failed
1305,1305.TW,feature_failed
1307,1307.TW,feature_failed
1308,1308.TW,feature_failed
1309,1309.TW,feature_failed
1310,1310.TW,feature_failed
1312,1312.TW,feature_failed
1313,1313.TW,feature_failed
1314,1314.TW,feature_failed
1315,1315.TW,feature_failed
1316,1316.TW,feature_failed
1319,1319.TW,feature_failed
1321,1321.TW,feature_failed
1323,1323.TW,feature_failed
1324,1324.TW,feature_failed
1325,1325.TW,feature_failed
1326,1326.TW,feature_failed
1337,1337.TW,feature_failed
1338,1338.TW,feature_failed
1339,1339.TW,feature_failed
1340,1340.TW,feature_failed
1341,1341.TW,feature_failed
1342,1342.TW,feature_failed
1402,1402.TW,feature_failed
1409,1409.TW,feature_failed
1410,1410.TW,feature_failed
1413,1413.TW,feature_failed
1414,1414.TW,feature_failed
1416,1416.TW,feature_failed
1417,1417.TW,feature_failed
1418,1418.TW,feature_failed
1419,1419.TW,feature_failed
1423,1423.TW,feature_failed
1432,1432.TW,feature_failed
1434,1434.TW,feature_failed
1435,1435.TW,feature_failed
1436,1436.TW,feature_failed
1437,1437.TW,feature_failed
1438,1438.TW,feature_failed
1439,1439.TW,feature_failed
1440,1440.TW,feature_failed
1441,1441.TW,feature_failed
1442,1442.TW,feature_failed
1443,1443.TW,feature_failed
1444,1444.TW,feature_failed
1445,1445.TW,feature_failed
1446,1446.TW,feature_failed
1447,1447.TW,feature_failed
1449,1449.TW,feature_failed
1451,1451.TW,feature_failed
1452,1452.TW,feature_failed
1453,1453.TW,feature_failed
1454,1454.TW,feature_failed
1455,1455.TW,feature_failed
1456,1456.TW,feature_failed
1457,1457.TW,feature_failed
1459,1459.TW,feature_failed
1460,1460.TW,feature_failed
1463,1463.TW,feature_failed
1464,1464.TW,feature_failed
1465,1465.TW,feature_failed
1466,1466.TW,feature_failed
1467,1467.TW,feature_failed
1468,1468.TW,feature_failed
1470,1470.TW,feature_failed
1471,1471.TW,feature_failed
1472,1472.TW,feature_failed
1473,1473.TW,feature_failed
1474,1474.TW,feature_failed
1475,1475.TW,feature_failed
1476,1476.TW,feature_failed
1477,1477.TW,feature_failed
1503,1503.TW,feature_failed
1504,1504.TW,feature_failed
1506,1506.TW,feature_failed
1512,1512.TW,feature_failed
1513,1513.TW,feature_failed
1514,1514.TW,feature_failed
1515,1515.TW,feature_failed
1516,1516.TW,feature_failed
1517,1517.TW,feature_failed
1519,1519.TW,feature_failed
1521,1521.TW,feature_failed
1522,1522.TW,feature_failed
1524,1524.TW,feature_failed
1525,1525.TW,feature_failed
1526,1526.TW,feature_failed
1527,1527.TW,feature_failed
1528,1528.TW,feature_failed
1529,1529.TW,feature_failed
1530,1530.TW,feature_failed
1531,1531.TW,feature_failed
1532,1532.TW,feature_failed
1533,1533.TW,feature_failed
1535,1535.TW,feature_failed
1536,1536.TW,feature_failed
1537,1537.TW,feature_failed
1538,1538.TW,feature_failed
1539,1539.TW,feature_failed
1540,1540.TW,feature_failed
1541,1541.TW,feature_failed
1558,1558.TW,feature_failed
1560,1560.TW,feature_failed
1563,1563.TW,feature_failed
1568,1568.TW,feature_failed
1582,1582.TW,feature_failed
1583,1583.TW,feature_failed
1587,1587.TW,feature_failed
1589,1589.TW,feature_failed
1590,1590.TW,feature_failed
1597,1597.TW,feature_failed
1598,1598.TW,feature_failed
1603,1603.TW,feature_failed
1604,1604.TW,feature_failed
1605,1605.TW,feature_failed
1608,1608.TW,feature_failed
1609,1609.TW,feature_failed
1611,1611.TW,feature_failed
1612,1612.TW,feature_failed
1614,1614.TW,feature_failed
1615,1615.TW,feature_failed
1616,1616.TW,feature_failed
1617,1617.TW,feature_failed
1618,1618.TW,feature_failed
1623,1623.TW,feature_failed
1626,1626.TW,feature_failed
1702,1702.TW,feature_failed
1707,1707.TW,feature_failed
1708,1708.TW,feature_failed
1709,1709.TW,feature_failed
1710,1710.TW,feature_failed
1711,1711.TW,feature_failed
1712,1712.TW,feature_failed
1713,1713.TW,feature_failed
1714,1714.TW,feature_failed
1717,1717.TW,feature_failed
1718,1718.TW,feature_failed
1720,1720.TW,feature_failed
1721,1721.TW,feature_failed
1722,1722.TW,feature_failed
1723,1723.TW,feature_failed
1725,1725.TW,feature_failed
1726,1726.TW,feature_failed
1727,1727.TW,feature_failed
1730,1730.TW,feature_failed
1731,1731.TW,feature_failed
1732,1732.TW,feature_failed
1733,1733.TW,feature_failed
1734,1734.TW,feature_failed
1735,1735.TW,feature_failed
1736,1736.TW,feature_failed
1737,1737.TW,feature_failed
1752,1752.TW,feature_failed
1760,1760.TW,feature_failed
1762,1762.TW,feature_failed
1773,1773.TW,feature_failed
1776,1776.TW,feature_failed
1783,1783.TW,feature_failed
1786,1786.TW,feature_failed
1789,1789.TW,feature_failed
1795,1795.TW,feature_failed
1802,1802.TW,feature_failed
1805,1805.TW,feature_failed
1806,1806.TW,feature_failed
1808,1808.TW,feature_failed
1809,1809.TW,feature_failed
1810,1810.TW,feature_failed
1817,1817.TW,feature_failed
1903,1903.TW,feature_failed
1904,1904.TW,feature_failed
1905,1905.TW,feature_failed
1906,1906.TW,feature_failed
1907,1907.TW,feature_failed
1909,1909.TW,feature_failed
2002,2002.TW,feature_failed
2006,2006.TW,feature_failed
2007,2007.TW,feature_failed
2008,2008.TW,feature_failed
2009,2009.TW,feature_failed
2010,2010.TW,feature_failed
2012,2012.TW,feature_failed
2013,2013.TW,feature_failed
2014,2014.TW,feature_failed
2015,2015.TW,feature_failed
2017,2017.TW,feature_failed
2020,2020.TW,feature_failed
2022,2022.TW,feature_failed
2023,2023.TW,feature_failed
2024,2024.TW,feature_failed
2025,2025.TW,feature_failed
2027,2027.TW,feature_failed
2028,2028.TW,feature_failed
2029,2029.TW,feature_failed
2030,2030.TW,feature_failed
2031,2031.TW,feature_failed
2032,2032.TW,feature_failed
2033,2033.TW,feature_failed
2034,2034.TW,feature_failed
2038,2038.TW,feature_failed
2049,2049.TW,feature_failed
2059,2059.TW,feature_failed
2062,2062.TW,feature_failed
2069,2069.TW,feature_failed
2072,2072.TW,feature_failed
2101,2101.TW,feature_failed
2102,2102.TW,feature_failed
2103,2103.TW,feature_failed
2104,2104.TW,feature_failed
2105,2105.TW,feature_failed
2106,2106.TW,feature_failed
2107,2107.TW,feature_failed
2108,2108.TW,feature_failed
2109,2109.TW,feature_failed
2114,2114.TW,feature_failed
2115,2115.TW,feature_failed
2201,2201.TW,feature_failed
2204,2204.TW,feature_failed
2206,2206.TW,feature_failed
2207,2207.TW,feature_failed
2208,2208.TW,feature_failed
2211,2211.TW,feature_failed
2227,2227.TW,feature_failed
2228,2228.TW,feature_failed
2231,2231.TW,feature_failed
2233,2233.TW,feature_failed
2236,2236.TW,feature_failed
2239,2239.TW,feature_failed
2241,2241.TW,feature_failed
2243,2243.TW,feature_failed
2247,2247.TW,feature_failed
2248,2248.TW,feature_failed
2250,2250.TW,feature_failed
2301,2301.TW,feature_failed
2302,2302.TW,feature_failed
2303,2303.TW,feature_failed
2305,2305.TW,feature_failed
2308,2308.TW,feature_failed
2312,2312.TW,feature_failed
2313,2313.TW,feature_failed
2314,2314.TW,feature_failed
2316,2316.TW,feature_failed
2317,2317.TW,feature_failed
2321,2321.TW,feature_failed
2323,2323.TW,feature_failed
2324,2324.TW,feature_failed
2327,2327.TW,feature_failed
2328,2328.TW,feature_failed
2329,2329.TW,feature_failed
2330,2330.TW,feature_failed
2331,2331.TW,feature_failed
2332,2332.TW,feature_failed
2337,2337.TW,feature_failed
2338,2338.TW,feature_failed
2340,2340.TW,feature_failed
2342,2342.TW,feature_failed
2344,2344.TW,feature_failed
2345,2345.TW,feature_failed
2347,2347.TW,feature_failed
2348,2348.TW,feature_failed
2349,2349.TW,feature_failed
2351,2351.TW,feature_failed
2352,2352.TW,feature_failed
2353,2353.TW,feature_failed
2354,2354.TW,feature_failed
2355,2355.TW,feature_failed
2356,2356.TW,feature_failed
2357,2357.TW,feature_failed
2359,2359.TW,feature_failed
2360,2360.TW,feature_failed
2362,2362.TW,feature_failed
2363,2363.TW,feature_failed
2364,2364.TW,feature_failed
2365,2365.TW,feature_failed
2367,2367.TW,feature_failed
2368,2368.TW,feature_failed
2369,2369.TW,feature_failed
2371,2371.TW,feature_failed
2373,2373.TW,feature_failed
2374,2374.TW,feature_failed
2375,2375.TW,feature_failed
2376,2376.TW,feature_failed
2377,2377.TW,feature_failed
2379,2379.TW,feature_failed
2380,2380.TW,feature_failed
2382,2382.TW,feature_failed
2383,2383.TW,feature_failed
2385,2385.TW,feature_failed
2387,2387.TW,feature_failed
2388,2388.TW,feature_failed
2390,2390.TW,feature_failed
2392,2392.TW,feature_failed
2393,2393.TW,feature_failed
2395,2395.TW,feature_failed
2397,2397.TW,feature_failed
2399,2399.TW,feature_failed
2401,2401.TW,feature_failed
2402,2402.TW,feature_failed
2404,2404.TW,feature_failed
2405,2405.TW,feature_failed
2406,2406.TW,feature_failed
2408,2408.TW,feature_failed
2409,2409.TW,feature_failed
2412,2412.TW,feature_failed
2413,2413.TW,feature_failed
2414,2414.TW,feature_failed
2415,2415.TW,feature_failed
2417,2417.TW,feature_failed
2419,2419.TW,feature_failed
2420,2420.TW,feature_failed
2421,2421.TW,feature_failed
2423,2423.TW,feature_failed
2424,2424.TW,feature_failed
2425,2425.TW,feature_failed
2426,2426.TW,feature_failed
2427,2427.TW,feature_failed
2428,2428.TW,feature_failed
2429,2429.TW,feature_failed
2430,2430.TW,feature_failed
2431,2431.TW,feature_failed
2433,2433.TW,feature_failed
2434,2434.TW,feature_failed
2436,2436.TW,feature_failed
2438,2438.TW,feature_failed
2439,2439.TW,feature_failed
2440,2440.TW,feature_failed
2441,2441.TW,feature_failed
2442,2442.TW,feature_failed
2444,2444.TW,feature_failed
2449,2449.TW,feature_failed
2450,2450.TW,feature_failed
2451,2451.TW,feature_failed
2453,2453.TW,feature_failed
2454,2454.TW,feature_failed
2455,2455.TW,feature_failed
2457,2457.TW,feature_failed
2458,2458.TW,feature_failed
2459,2459.TW,feature_failed
2460,2460.TW,feature_failed
2461,2461.TW,feature_failed
2462,2462.TW,feature_failed
2464,2464.TW,feature_failed
2465,2465.TW,feature_failed
2466,2466.TW,feature_failed
2467,2467.TW,feature_failed
2468,2468.TW,feature_failed
2471,2471.TW,feature_failed
2472,2472.TW,feature_failed
2474,2474.TW,feature_failed
2476,2476.TW,feature_failed
2477,2477.TW,feature_failed
2478,2478.TW,feature_failed
2480,2480.TW,feature_failed
2481,2481.TW,feature_failed
2482,2482.TW,feature_failed
2483,2483.TW,feature_failed
2484,2484.TW,feature_failed
2485,2485.TW,feature_failed
2486,2486.TW,feature_failed
2488,2488.TW,feature_failed
2489,2489.TW,feature_failed
2491,2491.TW,feature_failed
2492,2492.TW,feature_failed
2493,2493.TW,feature_failed
2495,2495.TW,feature_failed
2496,2496.TW,feature_failed
2497,2497.TW,feature_failed
2498,2498.TW,feature_failed
2501,2501.TW,feature_failed
2504,2504.TW,feature_failed
2505,2505.TW,feature_failed
2506,2506.TW,feature_failed
2509,2509.TW,feature_failed
2511,2511.TW,feature_failed
2514,2514.TW,feature_failed
2515,2515.TW,feature_failed
2516,2516.TW,feature_failed
2520,2520.TW,feature_failed
2524,2524.TW,feature_failed
2527,2527.TW,feature_failed
2528,2528.TW,feature_failed
2530,2530.TW,feature_failed
2534,2534.TW,feature_failed
2535,2535.TW,feature_failed
2536,2536.TW,feature_failed
2537,2537.TW,feature_failed
2538,2538.TW,feature_failed
2539,2539.TW,feature_failed
2540,2540.TW,feature_failed
2542,2542.TW,feature_failed
2543,2543.TW,feature_failed
2545,2545.TW,feature_failed
2546,2546.TW,feature_failed
2547,2547.TW,feature_failed
2548,2548.TW,feature_failed
2597,2597.TW,feature_failed
2601,2601.TW,feature_failed
2603,2603.TW,feature_failed
2605,2605.TW,feature_failed
2606,2606.TW,feature_failed
2607,2607.TW,feature_failed
2608,2608.TW,feature_failed
2609,2609.TW,feature_failed
2610,2610.TW,feature_failed
2611,2611.TW,feature_failed
2612,2612.TW,feature_failed
2613,2613.TW,feature_failed
2614,2614.TW,feature_failed
2615,2615.TW,feature_failed
2616,2616.TW,feature_failed
2617,2617.TW,feature_failed
2618,2618.TW,feature_failed
2630,2630.TW,feature_failed
2633,2633.TW,feature_failed
2634,2634.TW,feature_failed
2636,2636.TW,feature_failed
2637,2637.TW,feature_failed
2642,2642.TW,feature_failed
2645,2645.TW,feature_failed
2646,2646.TW,feature_failed
2701,2701.TW,feature_failed
2702,2702.TW,feature_failed
2704,2704.TW,feature_failed
2705,2705.TW,feature_failed
2706,2706.TW,feature_failed
2707,2707.TW,feature_failed
2712,2712.TW,feature_failed
2722,2722.TW,feature_failed
2723,2723.TW,feature_failed
2727,2727.TW,feature_failed
2731,2731.TW,feature_failed
2739,2739.TW,feature_failed
2748,2748.TW,feature_failed
2753,2753.TW,feature_failed
2762,2762.TW,feature_failed
2801,2801.TW,feature_failed
2812,2812.TW,feature_failed
2816,2816.TW,feature_failed
2820,2820.TW,feature_failed
2832,2832.TW,feature_failed
2834,2834.TW,feature_failed
2836,2836.TW,feature_failed
2838,2838.TW,feature_failed
2845,2845.TW,feature_failed
2849,2849.TW,feature_failed
2850,2850.TW,feature_failed
2851,2851.TW,feature_failed
2852,2852.TW,feature_failed
2855,2855.TW,feature_failed
2867,2867.TW,feature_failed
2880,2880.TW,feature_failed
2881,2881.TW,feature_failed
2882,2882.TW,feature_failed
2883,2883.TW,feature_failed
2884,2884.TW,feature_failed
2885,2885.TW,feature_failed
2886,2886.TW,feature_failed
2887,2887.TW,feature_failed
2889,2889.TW,feature_failed
2890,2890.TW,feature_failed
2891,2891.TW,feature_failed
2892,2892.TW,feature_failed
2897,2897.TW,feature_failed
2901,2901.TW,feature_failed
2903,2903.TW,feature_failed
2904,2904.TW,feature_failed
2905,2905.TW,feature_failed
2906,2906.TW,feature_failed
2908,2908.TW,feature_failed
2910,2910.TW,feature_failed
2911,2911.TW,feature_failed
2912,2912.TW,feature_failed
2913,2913.TW,feature_failed
2915,2915.TW,feature_failed
2923,2923.TW,feature_failed
2929,2929.TW,feature_failed
2939,2939.TW,feature_failed
2945,2945.TW,feature_failed
3002,3002.TW,feature_failed
3003,3003.TW,feature_failed
3004,3004.TW,feature_failed
3005,3005.TW,feature_failed
3006,3006.TW,feature_failed
3008,3008.TW,feature_failed
3010,3010.TW,feature_failed
3011,3011.TW,feature_failed
3013,3013.TW,feature_failed
3014,3014.TW,feature_failed
3015,3015.TW,feature_failed
3016,3016.TW,feature_failed
3017,3017.TW,feature_failed
3018,3018.TW,feature_failed
3019,3019.TW,feature_failed
3021,3021.TW,feature_failed
3022,3022.TW,feature_failed
3023,3023.TW,feature_failed
3024,3024.TW,feature_failed
3025,3025.TW,feature_failed
3026,3026.TW,feature_failed
3027,3027.TW,feature_failed
3028,3028.TW,feature_failed
3029,3029.TW,feature_failed
3030,3030.TW,feature_failed
3031,3031.TW,feature_failed
3032,3032.TW,feature_failed
3033,3033.TW,feature_failed
3034,3034.TW,feature_failed
3035,3035.TW,feature_failed
3036,3036.TW,feature_failed
3037,3037.TW,feature_failed
3038,3038.TW,feature_failed
3040,3040.TW,feature_failed
3041,3041.TW,feature_failed
3042,3042.TW,feature_failed
3043,3043.TW,feature_failed
3044,3044.TW,feature_failed
3045,3045.TW,feature_failed
3046,3046.TW,feature_failed
3047,3047.TW,feature_failed
3048,3048.TW,feature_failed
3049,3049.TW,feature_failed
3050,3050.TW,feature_failed
3051,3051.TW,feature_failed
3052,3052.TW,feature_failed
3054,3054.TW,feature_failed
3055,3055.TW,feature_failed
3056,3056.TW,feature_failed
3057,3057.TW,feature_failed
3058,3058.TW,feature_failed
3059,3059.TW,feature_failed
3060,3060.TW,feature_failed
3062,3062.TW,feature_failed
3090,3090.TW,feature_failed
3092,3092.TW,feature_failed
3094,3094.TW,feature_failed
3130,3130.TW,feature_failed
3135,3135.TW,feature_failed
3138,3138.TW,feature_failed
3149,3149.TW,feature_failed
3164,3164.TW,feature_failed
3167,3167.TW,feature_failed
3168,3168.TW,feature_failed
3189,3189.TW,feature_failed
3209,3209.TW,feature_failed
3229,3229.TW,feature_failed
3231,3231.TW,feature_failed
3257,3257.TW,feature_failed
3266,3266.TW,feature_failed
3296,3296.TW,feature_failed
3305,3305.TW,feature_failed
3308,3308.TW,feature_failed
3311,3311.TW,feature_failed
3312,3312.TW,feature_failed
3321,3321.TW,feature_failed
3338,3338.TW,feature_failed
3346,3346.TW,feature_failed
3356,3356.TW,feature_failed
3376,3376.TW,feature_failed
3380,3380.TW,feature_failed
3406,3406.TW,feature_failed
3413,3413.TW,feature_failed
3416,3416.TW,feature_failed
3419,3419.TW,feature_failed
3432,3432.TW,feature_failed
3437,3437.TW,feature_failed
3443,3443.TW,feature_failed
3447,3447.TW,feature_failed
3450,3450.TW,feature_failed
3481,3481.TW,feature_failed
3494,3494.TW,feature_failed
3501,3501.TW,feature_failed
3504,3504.TW,feature_failed
3515,3515.TW,feature_failed
3518,3518.TW,feature_failed
3528,3528.TW,feature_failed
3530,3530.TW,feature_failed
3532,3532.TW,feature_failed
3533,3533.TW,feature_failed
3535,3535.TW,feature_failed
3543,3543.TW,feature_failed
3545,3545.TW,feature_failed
3550,3550.TW,feature_failed
3557,3557.TW,feature_failed
3563,3563.TW,feature_failed
3576,3576.TW,feature_failed
3583,3583.TW,feature_failed
3588,3588.TW,feature_failed
3591,3591.TW,feature_failed
3592,3592.TW,feature_failed
3593,3593.TW,feature_failed
3596,3596.TW,feature_failed
3605,3605.TW,feature_failed
3607,3607.TW,feature_failed
3617,3617.TW,feature_failed
3622,3622.TW,feature_failed
3645,3645.TW,feature_failed
3652,3652.TW,feature_failed
3653,3653.TW,feature_failed
3661,3661.TW,feature_failed
3665,3665.TW,feature_failed
3669,3669.TW,feature_failed
3673,3673.TW,feature_failed
3679,3679.TW,feature_failed
3686,3686.TW,feature_failed
3694,3694.TW,feature_failed
3701,3701.TW,feature_failed
3702,3702.TW,feature_failed
3703,3703.TW,feature_failed
3704,3704.TW,feature_failed
3705,3705.TW,feature_failed
3706,3706.TW,feature_failed
3708,3708.TW,feature_failed
3711,3711.TW,feature_failed
3712,3712.TW,feature_failed
3714,3714.TW,feature_failed
3715,3715.TW,feature_failed
3716,3716.TW,feature_failed
3717,3717.TW,feature_failed
4104,4104.TW,feature_failed
4106,4106.TW,feature_failed
4108,4108.TW,feature_failed
4119,4119.TW,feature_failed
4133,4133.TW,feature_failed
4137,4137.TW,feature_failed
4142,4142.TW,feature_failed
4148,4148.TW,feature_failed
4155,4155.TW,feature_failed
4164,4164.TW,feature_failed
4169,4169.TW,feature_failed
4190,4190.TW,feature_failed
4306,4306.TW,feature_failed
4414,4414.TW,feature_failed
4426,4426.TW,feature_failed
4438,4438.TW,feature_failed
4439,4439.TW,feature_failed
4440,4440.TW,feature_failed
4441,4441.TW,feature_failed
4526,4526.TW,feature_failed
4532,4532.TW,feature_failed
4536,4536.TW,feature_failed
4540,4540.TW,feature_failed
4545,4545.TW,feature_failed
4551,4551.TW,feature_failed
4552,4552.TW,feature_failed
4555,4555.TW,feature_failed
4557,4557.TW,feature_failed
4560,4560.TW,feature_failed
4562,4562.TW,feature_failed
4564,4564.TW,feature_failed
4566,4566.TW,feature_failed
4569,4569.TW,feature_failed
4571,4571.TW,feature_failed
4572,4572.TW,feature_failed
4576,4576.TW,feature_failed
4581,4581.TW,feature_failed
4583,4583.TW,feature_failed
4585,4585.TW,feature_failed
4588,4588.TW,feature_failed
4720,4720.TW,feature_failed
4722,4722.TW,feature_failed
4736,4736.TW,feature_failed
4737,4737.TW,feature_failed
4739,4739.TW,feature_failed
4746,4746.TW,feature_failed
4755,4755.TW,feature_failed
4763,4763.TW,feature_failed
4764,4764.TW,feature_failed
4766,4766.TW,feature_failed
4770,4770.TW,feature_failed
4771,4771.TW,feature_failed
4807,4807.TW,feature_failed
4904,4904.TW,feature_failed
4906,4906.TW,feature_failed
4912,4912.TW,feature_failed
4915,4915.TW,feature_failed
4916,4916.TW,feature_failed
4919,4919.TW,feature_failed
4927,4927.TW,feature_failed
4930,4930.TW,feature_failed
4934,4934.TW,feature_failed
4935,4935.TW,feature_failed
4938,4938.TW,feature_failed
4942,4942.TW,feature_failed
4943,4943.TW,feature_failed
4949,4949.TW,feature_failed
4952,4952.TW,feature_failed
4956,4956.TW,feature_failed
4958,4958.TW,feature_failed
4960,4960.TW,feature_failed
4961,4961.TW,feature_failed
4967,4967.TW,feature_failed
4968,4968.TW,feature_failed
4976,4976.TW,feature_failed
4977,4977.TW,feature_failed
4989,4989.TW,feature_failed
4994,4994.TW,feature_failed
4999,4999.TW,feature_failed
5007,5007.TW,feature_failed
5203,5203.TW,feature_failed
5215,5215.TW,feature_failed
5222,5222.TW,feature_failed
5225,5225.TW,feature_failed
5234,5234.TW,feature_failed
5243,5243.TW,feature_failed
5244,5244.TW,feature_failed
5258,5258.TW,feature_failed
5269,5269.TW,feature_failed
5283,5283.TW,feature_failed
5284,5284.TW,feature_failed
5285,5285.TW,feature_failed
5288,5288.TW,feature_failed
5292,5292.TW,feature_failed
5306,5306.TW,feature_failed
5388,5388.TW,feature_failed
5434,5434.TW,feature_failed
5469,5469.TW,feature_failed
5471,5471.TW,feature_failed
5484,5484.TW,feature_failed
5515,5515.TW,feature_failed
5519,5519.TW,feature_failed
5521,5521.TW,feature_failed
5522,5522.TW,feature_failed
5525,5525.TW,feature_failed
5531,5531.TW,feature_failed
5533,5533.TW,feature_failed
5534,5534.TW,feature_failed
5538,5538.TW,feature_failed
5546,5546.TW,feature_failed
5607,5607.TW,feature_failed
5608,5608.TW,feature_failed
5706,5706.TW,feature_failed
5871,5871.TW,feature_failed
5876,5876.TW,feature_failed
5880,5880.TW,feature_failed
5906,5906.TW,feature_failed
5907,5907.TW,feature_failed
6005,6005.TW,feature_failed
6024,6024.TW,feature_failed
6108,6108.TW,feature_failed
6112,6112.TW,feature_failed
6115,6115.TW,feature_failed
6116,6116.TW,feature_failed
6117,6117.TW,feature_failed
6120,6120.TW,feature_failed
6128,6128.TW,feature_failed
6133,6133.TW,feature_failed
6136,6136.TW,feature_failed
6139,6139.TW,feature_failed
6141,6141.TW,feature_failed
6142,6142.TW,feature_failed
6152,6152.TW,feature_failed
6153,6153.TW,feature_failed
6155,6155.TW,feature_failed
6164,6164.TW,feature_failed
6165,6165.TW,feature_failed
6166,6166.TW,feature_failed
6168,6168.TW,feature_failed
6176,6176.TW,feature_failed
6177,6177.TW,feature_failed
6183,6183.TW,feature_failed
6184,6184.TW,feature_failed
6189,6189.TW,feature_failed
6191,6191.TW,feature_failed
6192,6192.TW,feature_failed
6196,6196.TW,feature_failed
6197,6197.TW,feature_failed
6201,6201.TW,feature_failed
6202,6202.TW,feature_failed
6205,6205.TW,feature_failed
6206,6206.TW,feature_failed
6209,6209.TW,feature_failed
6213,6213.TW,feature_failed
6214,6214.TW,feature_failed
6215,6215.TW,feature_failed
6216,6216.TW,feature_failed
6224,6224.TW,feature_failed
6225,6225.TW,feature_failed
6226,6226.TW,feature_failed
6230,6230.TW,feature_failed
6235,6235.TW,feature_failed
6239,6239.TW,feature_failed
6243,6243.TW,feature_failed
6257,6257.TW,feature_failed
6269,6269.TW,feature_failed
6271,6271.TW,feature_failed
6272,6272.TW,feature_failed
6277,6277.TW,feature_failed
6278,6278.TW,feature_failed
6281,6281.TW,feature_failed
6282,6282.TW,feature_failed
6283,6283.TW,feature_failed
6285,6285.TW,feature_failed
6405,6405.TW,feature_failed
6409,6409.TW,feature_failed
6412,6412.TW,feature_failed
6414,6414.TW,feature_failed
6415,6415.TW,feature_failed
6416,6416.TW,feature_failed
6426,6426.TW,feature_failed
6431,6431.TW,feature_failed
6438,6438.TW,feature_failed
6442,6442.TW,feature_failed
6443,6443.TW,feature_failed
6446,6446.TW,feature_failed
6449,6449.TW,feature_failed
6451,6451.TW,feature_failed
6456,6456.TW,feature_failed
6464,6464.TW,feature_failed
6472,6472.TW,feature_failed
6477,6477.TW,feature_failed
6491,6491.TW,feature_failed
6504,6504.TW,feature_failed
6505,6505.TW,feature_failed
6515,6515.TW,feature_failed
6525,6525.TW,feature_failed
6526,6526.TW,feature_failed
6531,6531.TW,feature_failed
6533,6533.TW,feature_failed
6541,6541.TW,feature_failed
6550,6550.TW,feature_failed
6552,6552.TW,feature_failed
6558,6558.TW,feature_failed
6573,6573.TW,feature_failed
6579,6579.TW,feature_failed
6581,6581.TW,feature_failed
6582,6582.TW,feature_failed
6585,6585.TW,feature_failed
6589,6589.TW,feature_failed
6591,6591.TW,feature_failed
6592,6592.TW,feature_failed
6598,6598.TW,feature_failed
6605,6605.TW,feature_failed
6606,6606.TW,feature_failed
6614,6614.TW,feature_failed
6625,6625.TW,feature_failed
6641,6641.TW,feature_failed
6655,6655.TW,feature_failed
6657,6657.TW,feature_failed
6658,6658.TW,feature_failed
6666,6666.TW,feature_failed
6668,6668.TW,feature_failed
6669,6669.TW,feature_failed
6670,6670.TW,feature_failed
6671,6671.TW,feature_failed
6672,6672.TW,feature_failed
6674,6674.TW,feature_failed
6689,6689.TW,feature_failed
6691,6691.TW,feature_failed
6695,6695.TW,feature_failed
6698,6698.TW,feature_failed
6706,6706.TW,feature_failed
6715,6715.TW,feature_failed
6719,6719.TW,feature_failed
6722,6722.TW,feature_failed
6742,6742.TW,feature_failed
6743,6743.TW,feature_failed
6753,6753.TW,feature_failed
6754,6754.TW,feature_failed
6756,6756.TW,feature_failed
6757,6757.TW,feature_failed
6768,6768.TW,feature_failed
6770,6770.TW,feature_failed
6776,6776.TW,feature_failed
6781,6781.TW,feature_failed
6782,6782.TW,feature_failed
6789,6789.TW,feature_failed
6790,6790.TW,feature_failed
6792,6792.TW,feature_failed
6794,6794.TW,feature_failed
6796,6796.TW,feature_failed
6799,6799.TW,feature_failed
6805,6805.TW,feature_failed
6806,6806.TW,feature_failed
6807,6807.TW,feature_failed
6830,6830.TW,feature_failed
6831,6831.TW,feature_failed
6834,6834.TW,feature_failed
6835,6835.TW,feature_failed
6838,6838.TW,feature_failed
6861,6861.TW,feature_failed
6862,6862.TW,feature_failed
6863,6863.TW,feature_failed
6869,6869.TW,feature_failed
6873,6873.TW,feature_failed
6885,6885.TW,feature_failed
6887,6887.TW,feature_failed
6890,6890.TW,feature_failed
6901,6901.TW,feature_failed
6902,6902.TW,feature_failed
6906,6906.TW,feature_failed
6909,6909.TW,feature_failed
6914,6914.TW,feature_failed
6916,6916.TW,feature_failed
6918,6918.TW,feature_failed
6919,6919.TW,feature_failed
6923,6923.TW,feature_failed
6928,6928.TW,feature_failed
6931,6931.TW,feature_failed
6933,6933.TW,feature_failed
6934,6934.TW,feature_failed
6936,6936.TW,feature_failed
6937,6937.TW,feature_failed
6944,6944.TW,feature_failed
6952,6952.TW,feature_failed
6957,6957.TW,feature_failed
6958,6958.TW,feature_failed
6962,6962.TW,feature_failed
6965,6965.TW,feature_failed
6994,6994.TW,feature_failed
7705,7705.TW,feature_failed
7711,7711.TW,feature_failed
7721,7721.TW,feature_failed
7722,7722.TW,feature_failed
7732,7732.TW,feature_failed
7736,7736.TW,feature_failed
7749,7749.TW,feature_failed
7750,7750.TW,feature_failed
7765,7765.TW,feature_failed
7769,7769.TW,feature_failed
7780,7780.TW,feature_failed
7786,7786.TW,feature_failed
7788,7788.TW,feature_failed
7791,7791.TW,feature_failed
7795,7795.TW,feature_failed
7799,7799.TW,feature_failed
7822,7822.TW,feature_failed
8011,8011.TW,feature_failed
8016,8016.TW,feature_failed
8021,8021.TW,feature_failed
8028,8028.TW,feature_failed
8033,8033.TW,feature_failed
8039,8039.TW,feature_failed
8045,8045.TW,feature_failed
8046,8046.TW,feature_failed
8070,8070.TW,feature_failed
8072,8072.TW,feature_failed
8081,8081.TW,feature_failed
8101,8101.TW,feature_failed
8103,8103.TW,feature_failed
8104,8104.TW,feature_failed
8105,8105.TW,feature_failed
8110,8110.TW,feature_failed
8112,8112.TW,feature_failed
8114,8114.TW,feature_failed
8131,8131.TW,feature_failed
8150,8150.TW,feature_failed
8163,8163.TW,feature_failed
8201,8201.TW,feature_failed
8210,8210.TW,feature_failed
8213,8213.TW,feature_failed
8215,8215.TW,feature_failed
8222,8222.TW,feature_failed
8249,8249.TW,feature_failed
8261,8261.TW,feature_failed
8271,8271.TW,feature_failed
8341,8341.TW,feature_failed
8367,8367.TW,feature_failed
8374,8374.TW,feature_failed
8404,8404.TW,feature_failed
8411,8411.TW,feature_failed
8422,8422.TW,feature_failed
8429,8429.TW,feature_failed
8438,8438.TW,feature_failed
8442,8442.TW,feature_failed
8443,8443.TW,feature_failed
8454,8454.TW,feature_failed
8462,8462.TW,feature_failed
8463,8463.TW,feature_failed
8464,8464.TW,feature_failed
8466,8466.TW,feature_failed
8467,8467.TW,feature_failed
8473,8473.TW,feature_failed
8476,8476.TW,feature_failed
8478,8478.TW,feature_failed
8481,8481.TW,feature_failed
8482,8482.TW,feature_failed
8488,8488.TW,feature_failed
8499,8499.TW,feature_failed
8926,8926.TW,feature_failed
8940,8940.TW,feature_failed
8996,8996.TW,feature_failed
9802,9802.TW,feature_failed
9902,9902.TW,feature_failed
9904,9904.TW,feature_failed
9905,9905.TW,feature_failed
9906,9906.TW,feature_failed
9907,9907.TW,feature_failed
9908,9908.TW,feature_failed
9910,9910.TW,feature_failed
9911,9911.TW,feature_failed
9912,9912.TW,feature_failed
9914,9914.TW,feature_failed
9917,9917.TW,feature_failed
9918,9918.TW,feature_failed
9919,9919.TW,feature_failed
9921,9921.TW,feature_failed
9924,9924.TW,feature_failed
9925,9925.TW,feature_failed
9926,9926.TW,feature_failed
9927,9927.TW,feature_failed
9928,9928.TW,feature_failed
9929,9929.TW,feature_failed
9930,9930.TW,feature_failed
9931,9931.TW,feature_failed
9933,9933.TW,feature_failed
9934,9934.TW,feature_failed
9935,9935.TW,feature_failed
9937,9937.TW,feature_failed
9938,9938.TW,feature_failed
9939,9939.TW,feature_failed
9940,9940.TW,feature_failed
9941,9941.TW,feature_failed
9942,9942.TW,feature_failed
9943,9943.TW,feature_failed
9944,9944.TW,feature_failed
9945,9945.TW,feature_failed
9946,9946.TW,feature_failed
9955,9955.TW,feature_failed
9958,9958.TW,feature_failed
2254,2254.TW,feature_failed
2258,2258.TW,feature_failed
2432,2432.TW,feature_failed
3150,3150.TW,feature_failed
4590,4590.TW,feature_failed
6534,6534.TW,feature_failed
6645,6645.TW,feature_failed
6771,6771.TW,feature_failed
6854,6854.TW,feature_failed
6908,6908.TW,feature_failed
6921,6921.TW,feature_failed
6924,6924.TW,feature_failed
6949,6949.TW,feature_failed
6951,6951.TW,feature_failed
6955,6955.TW,feature_failed
6969,6969.TW,feature_failed
6988,6988.TW,feature_failed
7610,7610.TW,feature_failed
7631,7631.TW,feature_failed
7730,7730.TW,feature_failed
7740,7740.TW,feature_failed
7823,7823.TW,feature_failed
8162,8162.TW,feature_failed
8487,8487.TW,feature_failed
50,0050.TW,feature_failed
51,0051.TW,feature_failed
52,0052.TW,feature_failed
53,0053.TW,feature_failed
55,0055.TW,feature_failed
56,0056.TW,feature_failed
57,0057.TW,feature_failed
61,0061.TW,feature_failed
9103,9103.TW,feature_failed
9105,9105.TW,feature_failed
9110,9110.TW,feature_failed
9136,9136.TW,feature_failed
1240,1240.TWO,feature_failed
1259,1259.TWO,feature_failed
1264,1264.TWO,feature_failed
1268,1268.TWO,feature_failed
1294,1294.TWO,feature_failed
1295,1295.TWO,feature_failed
1336,1336.TWO,feature_failed
1565,1565.TWO,feature_failed
1569,1569.TWO,feature_failed
1570,1570.TWO,feature_failed
1580,1580.TWO,feature_failed
1584,1584.TWO,feature_failed
1586,1586.TWO,feature_failed
1591,1591.TWO,feature_failed
1593,1593.TWO,feature_failed
1595,1595.TWO,feature_failed
1599,1599.TWO,feature_failed
1742,1742.TWO,feature_failed
1777,1777.TWO,feature_failed
1781,1781.TWO,feature_failed
1784,1784.TWO,feature_failed
1785,1785.TWO,feature_failed
1788,1788.TWO,feature_failed
1796,1796.TWO,feature_failed
1799,1799.TWO,feature_failed
1813,1813.TWO,feature_failed
1815,1815.TWO,feature_failed
2035,2035.TWO,feature_failed
2061,2061.TWO,feature_failed
2063,2063.TWO,feature_failed
2064,2064.TWO,feature_failed
2065,2065.TWO,feature_failed
2066,2066.TWO,feature_failed
2067,2067.TWO,feature_failed
2070,2070.TWO,feature_failed
2073,2073.TWO,feature_failed
2221,2221.TWO,feature_failed
2230,2230.TWO,feature_failed
2235,2235.TWO,feature_failed
2596,2596.TWO,feature_failed
2640,2640.TWO,feature_failed
2641,2641.TWO,feature_failed
2643,2643.TWO,feature_failed
2718,2718.TWO,feature_failed
2719,2719.TWO,feature_failed
2724,2724.TWO,feature_failed
2726,2726.TWO,feature_failed
2729,2729.TWO,feature_failed
2732,2732.TWO,feature_failed
2734,2734.TWO,feature_failed
2736,2736.TWO,feature_failed
2740,2740.TWO,feature_failed
2743,2743.TWO,feature_failed
2745,2745.TWO,feature_failed
2751,2751.TWO,feature_failed
2752,2752.TWO,feature_failed
2754,2754.TWO,feature_failed
2755,2755.TWO,feature_failed
2756,2756.TWO,feature_failed
2916,2916.TWO,feature_failed
2924,2924.TWO,feature_failed
2926,2926.TWO,feature_failed
2937,2937.TWO,feature_failed
2941,2941.TWO,feature_failed
2947,2947.TWO,feature_failed
2948,2948.TWO,feature_failed
2949,2949.TWO,feature_failed
3064,3064.TWO,feature_failed
3066,3066.TWO,feature_failed
3067,3067.TWO,feature_failed
3071,3071.TWO,feature_failed
3073,3073.TWO,feature_failed
3078,3078.TWO,feature_failed
3081,3081.TWO,feature_failed
3083,3083.TWO,feature_failed
3085,3085.TWO,feature_failed
3086,3086.TWO,feature_failed
3088,3088.TWO,feature_failed
3093,3093.TWO,feature_failed
3095,3095.TWO,feature_failed
3105,3105.TWO,feature_failed
3114,3114.TWO,feature_failed
3115,3115.TWO,feature_failed
3118,3118.TWO,feature_failed
3122,3122.TWO,feature_failed
3128,3128.TWO,feature_failed
3131,3131.TWO,feature_failed
3141,3141.TWO,feature_failed
3147,3147.TWO,feature_failed
3152,3152.TWO,feature_failed
3158,3158.TWO,feature_failed
3162,3162.TWO,feature_failed
3163,3163.TWO,feature_failed
3169,3169.TWO,feature_failed
3171,3171.TWO,feature_failed
3176,3176.TWO,feature_failed
3178,3178.TWO,feature_failed
3188,3188.TWO,feature_failed
3191,3191.TWO,feature_failed
3205,3205.TWO,feature_failed
3206,3206.TWO,feature_failed
3207,3207.TWO,feature_failed
3211,3211.TWO,feature_failed
3213,3213.TWO,feature_failed
3217,3217.TWO,feature_failed
3218,3218.TWO,feature_failed
3219,3219.TWO,feature_failed
3221,3221.TWO,feature_failed
3224,3224.TWO,feature_failed
3226,3226.TWO,feature_failed
3227,3227.TWO,feature_failed
3228,3228.TWO,feature_failed
3230,3230.TWO,feature_failed
3232,3232.TWO,feature_failed
3234,3234.TWO,feature_failed
3236,3236.TWO,feature_failed
3252,3252.TWO,feature_failed
3259,3259.TWO,feature_failed
3260,3260.TWO,feature_failed
3264,3264.TWO,feature_failed
3265,3265.TWO,feature_failed
3268,3268.TWO,feature_failed
3272,3272.TWO,feature_failed
3276,3276.TWO,feature_failed
3284,3284.TWO,feature_failed
3285,3285.TWO,feature_failed
3287,3287.TWO,feature_failed
3288,3288.TWO,feature_failed
3289,3289.TWO,feature_failed
3290,3290.TWO,feature_failed
3293,3293.TWO,feature_failed
3294,3294.TWO,feature_failed
3297,3297.TWO,feature_failed
3303,3303.TWO,feature_failed
3306,3306.TWO,feature_failed
3310,3310.TWO,feature_failed
3313,3313.TWO,feature_failed
3317,3317.TWO,feature_failed
3322,3322.TWO,feature_failed
3323,3323.TWO,feature_failed
3324,3324.TWO,feature_failed
3325,3325.TWO,feature_failed
3332,3332.TWO,feature_failed
3339,3339.TWO,feature_failed
3349,3349.TWO,feature_failed
3354,3354.TWO,feature_failed
3357,3357.TWO,feature_failed
3360,3360.TWO,feature_failed
3362,3362.TWO,feature_failed
3363,3363.TWO,feature_failed
3372,3372.TWO,feature_failed
3373,3373.TWO,feature_failed
3374,3374.TWO,feature_failed
3379,3379.TWO,feature_failed
3388,3388.TWO,feature_failed
3390,3390.TWO,feature_failed
3402,3402.TWO,feature_failed
3426,3426.TWO,feature_failed
3430,3430.TWO,feature_failed
3434,3434.TWO,feature_failed
3438,3438.TWO,feature_failed
3441,3441.TWO,feature_failed
3444,3444.TWO,feature_failed
3455,3455.TWO,feature_failed
3465,3465.TWO,feature_failed
3466,3466.TWO,feature_failed
3467,3467.TWO,feature_failed
3479,3479.TWO,feature_failed
3483,3483.TWO,feature_failed
3484,3484.TWO,feature_failed
3489,3489.TWO,feature_failed
3490,3490.TWO,feature_failed
3491,3491.TWO,feature_failed
3492,3492.TWO,feature_failed
3498,3498.TWO,feature_failed
3499,3499.TWO,feature_failed
3508,3508.TWO,feature_failed
3511,3511.TWO,feature_failed
3512,3512.TWO,feature_failed
3516,3516.TWO,feature_failed
3520,3520.TWO,feature_failed
3521,3521.TWO,feature_failed
3522,3522.TWO,feature_failed
3523,3523.TWO,feature_failed
3526,3526.TWO,feature_failed
3527,3527.TWO,feature_failed
3529,3529.TWO,feature_failed
3531,3531.TWO,feature_failed
3537,3537.TWO,feature_failed
3540,3540.TWO,feature_failed
3541,3541.TWO,feature_failed
3546,3546.TWO,feature_failed
3548,3548.TWO,feature_failed
3551,3551.TWO,feature_failed
3552,3552.TWO,feature_failed
3555,3555.TWO,feature_failed
3556,3556.TWO,feature_failed
3558,3558.TWO,feature_failed
3564,3564.TWO,feature_failed
3567,3567.TWO,feature_failed
3570,3570.TWO,feature_failed
3577,3577.TWO,feature_failed
3580,3580.TWO,feature_failed
3581,3581.TWO,feature_failed
3587,3587.TWO,feature_failed
3594,3594.TWO,feature_failed
3597,3597.TWO,feature_failed
3609,3609.TWO,feature_failed
3611,3611.TWO,feature_failed
3615,3615.TWO,feature_failed
3623,3623.TWO,feature_failed
3624,3624.TWO,feature_failed
3625,3625.TWO,feature_failed
3628,3628.TWO,feature_failed
3629,3629.TWO,feature_failed
3630,3630.TWO,feature_failed
3631,3631.TWO,feature_failed
3632,3632.TWO,feature_failed
3646,3646.TWO,feature_failed
3663,3663.TWO,feature_failed
3664,3664.TWO,feature_failed
3666,3666.TWO,feature_failed
3672,3672.TWO,feature_failed
3675,3675.TWO,feature_failed
3680,3680.TWO,feature_failed
3684,3684.TWO,feature_failed
3685,3685.TWO,feature_failed
3687,3687.TWO,feature_failed
3689,3689.TWO,feature_failed
3691,3691.TWO,feature_failed
3693,3693.TWO,feature_failed
3707,3707.TWO,feature_failed
3709,3709.TWO,feature_failed
3710,3710.TWO,feature_failed
3713,3713.TWO,feature_failed
4102,4102.TWO,feature_failed
4105,4105.TWO,feature_failed
4107,4107.TWO,feature_failed
4109,4109.TWO,feature_failed
4111,4111.TWO,feature_failed
4113,4113.TWO,feature_failed
4114,4114.TWO,feature_failed
4116,4116.TWO,feature_failed
4120,4120.TWO,feature_failed
4121,4121.TWO,feature_failed
4123,4123.TWO,feature_failed
4126,4126.TWO,feature_failed
4127,4127.TWO,feature_failed
4128,4128.TWO,feature_failed
4129,4129.TWO,feature_failed
4130,4130.TWO,feature_failed
4131,4131.TWO,feature_failed
4138,4138.TWO,feature_failed
4139,4139.TWO,feature_failed
4147,4147.TWO,feature_failed
4153,4153.TWO,feature_failed
4154,4154.TWO,feature_failed
4157,4157.TWO,feature_failed
4160,4160.TWO,feature_failed
4161,4161.TWO,feature_failed
4162,4162.TWO,feature_failed
4163,4163.TWO,feature_failed
4166,4166.TWO,feature_failed
4167,4167.TWO,feature_failed
4168,4168.TWO,feature_failed
4171,4171.TWO,feature_failed
4173,4173.TWO,feature_failed
4174,4174.TWO,feature_failed
4175,4175.TWO,feature_failed
4183,4183.TWO,feature_failed
4188,4188.TWO,feature_failed
4192,4192.TWO,feature_failed
4198,4198.TWO,feature_failed
4205,4205.TWO,feature_failed
4207,4207.TWO,feature_failed
4303,4303.TWO,feature_failed
4304,4304.TWO,feature_failed
4305,4305.TWO,feature_failed
4401,4401.TWO,feature_failed
4402,4402.TWO,feature_failed
4406,4406.TWO,feature_failed
4413,4413.TWO,feature_failed
4416,4416.TWO,feature_failed
4417,4417.TWO,feature_failed
4419,4419.TWO,feature_failed
4420,4420.TWO,feature_failed
4430,4430.TWO,feature_failed
4432,4432.TWO,feature_failed
4433,4433.TWO,feature_failed
4442,4442.TWO,feature_failed
4502,4502.TWO,feature_failed
4503,4503.TWO,feature_failed
4506,4506.TWO,feature_failed
4510,4510.TWO,feature_failed
4513,4513.TWO,feature_failed
4523,4523.TWO,feature_failed
4527,4527.TWO,feature_failed
4528,4528.TWO,feature_failed
4529,4529.TWO,feature_failed
4530,4530.TWO,feature_failed
4533,4533.TWO,feature_failed
4534,4534.TWO,feature_failed
4535,4535.TWO,feature_failed
4538,4538.TWO,feature_failed
4541,4541.TWO,feature_failed
4542,4542.TWO,feature_failed
4543,4543.TWO,feature_failed
4549,4549.TWO,feature_failed
4550,4550.TWO,feature_failed
4554,4554.TWO,feature_failed
4556,4556.TWO,feature_failed
4558,4558.TWO,feature_failed
4561,4561.TWO,feature_failed
4563,4563.TWO,feature_failed
4568,4568.TWO,feature_failed
4577,4577.TWO,feature_failed
4580,4580.TWO,feature_failed
4584,4584.TWO,feature_failed
4609,4609.TWO,feature_failed
4702,4702.TWO,feature_failed
4706,4706.TWO,feature_failed
4707,4707.TWO,feature_failed
4711,4711.TWO,feature_failed
4714,4714.TWO,feature_failed
4716,4716.TWO,feature_failed
4721,4721.TWO,feature_failed
4726,4726.TWO,feature_failed
4728,4728.TWO,feature_failed
4729,4729.TWO,feature_failed
4735,4735.TWO,feature_failed
4741,4741.TWO,feature_failed
4743,4743.TWO,feature_failed
4744,4744.TWO,feature_failed
4745,4745.TWO,feature_failed
4747,4747.TWO,feature_failed
4749,4749.TWO,feature_failed
4754,4754.TWO,feature_failed
4760,4760.TWO,feature_failed
4767,4767.TWO,feature_failed
4768,4768.TWO,feature_failed
4772,4772.TWO,feature_failed
4804,4804.TWO,feature_failed
4806,4806.TWO,feature_failed
4903,4903.TWO,feature_failed
4905,4905.TWO,feature_failed
4907,4907.TWO,feature_failed
4908,4908.TWO,feature_failed
4909,4909.TWO,feature_failed
4911,4911.TWO,feature_failed
4923,4923.TWO,feature_failed
4924,4924.TWO,feature_failed
4931,4931.TWO,feature_failed
4933,4933.TWO,feature_failed
4939,4939.TWO,feature_failed
4946,4946.TWO,feature_failed
4950,4950.TWO,feature_failed
4951,4951.TWO,feature_failed
4953,4953.TWO,feature_failed
4966,4966.TWO,feature_failed
4971,4971.TWO,feature_failed
4972,4972.TWO,feature_failed
4973,4973.TWO,feature_failed
4974,4974.TWO,feature_failed
4979,4979.TWO,feature_failed
4987,4987.TWO,feature_failed
4991,4991.TWO,feature_failed
4995,4995.TWO,feature_failed
5009,5009.TWO,feature_failed
5011,5011.TWO,feature_failed
5013,5013.TWO,feature_failed
5014,5014.TWO,feature_failed
5015,5015.TWO,feature_failed
5016,5016.TWO,feature_failed
5201,5201.TWO,feature_failed
5202,5202.TWO,feature_failed
5205,5205.TWO,feature_failed
5206,5206.TWO,feature_failed
5209,5209.TWO,feature_failed
5210,5210.TWO,feature_failed
5211,5211.TWO,feature_failed
5212,5212.TWO,feature_failed
5213,5213.TWO,feature_failed
5220,5220.TWO,feature_failed
5223,5223.TWO,feature_failed
5227,5227.TWO,feature_failed
5228,5228.TWO,feature_failed
5230,5230.TWO,feature_failed
5236,5236.TWO,feature_failed
5245,5245.TWO,feature_failed
5251,5251.TWO,feature_failed
5263,5263.TWO,feature_failed
5272,5272.TWO,feature_failed
5274,5274.TWO,feature_failed
5276,5276.TWO,feature_failed
5278,5278.TWO,feature_failed
5287,5287.TWO,feature_failed
5289,5289.TWO,feature_failed
5291,5291.TWO,feature_failed
5299,5299.TWO,feature_failed
5301,5301.TWO,feature_failed
5302,5302.TWO,feature_failed
5309,5309.TWO,feature_failed
5310,5310.TWO,feature_failed
5312,5312.TWO,feature_failed
5314,5314.TWO,feature_failed
5315,5315.TWO,feature_failed
5321,5321.TWO,feature_failed
5324,5324.TWO,feature_failed
5328,5328.TWO,feature_failed
5340,5340.TWO,feature_failed
5344,5344.TWO,feature_failed
5345,5345.TWO,feature_failed
5347,5347.TWO,feature_failed
5348,5348.TWO,feature_failed
5351,5351.TWO,feature_failed
5353,5353.TWO,feature_failed
5355,5355.TWO,feature_failed
5356,5356.TWO,feature_failed
5364,5364.TWO,feature_failed
5371,5371.TWO,feature_failed
5381,5381.TWO,feature_failed
5386,5386.TWO,feature_failed
5392,5392.TWO,feature_failed
5398,5398.TWO,feature_failed
5403,5403.TWO,feature_failed
5410,5410.TWO,feature_failed
5425,5425.TWO,feature_failed
5426,5426.TWO,feature_failed
5432,5432.TWO,feature_failed
5438,5438.TWO,feature_failed
5439,5439.TWO,feature_failed
5443,5443.TWO,feature_failed
5450,5450.TWO,feature_failed
5452,5452.TWO,feature_failed
5455,5455.TWO,feature_failed
5457,5457.TWO,feature_failed
5460,5460.TWO,feature_failed
5464,5464.TWO,feature_failed
5465,5465.TWO,feature_failed
5468,5468.TWO,feature_failed
5474,5474.TWO,feature_failed
5475,5475.TWO,feature_failed
5478,5478.TWO,feature_failed
5481,5481.TWO,feature_failed
5483,5483.TWO,feature_failed
5487,5487.TWO,feature_failed
5488,5488.TWO,feature_failed
5489,5489.TWO,feature_failed
5490,5490.TWO,feature_failed
5493,5493.TWO,feature_failed
5498,5498.TWO,feature_failed
5508,5508.TWO,feature_failed
5511,5511.TWO,feature_failed
5512,5512.TWO,feature_failed
5514,5514.TWO,feature_failed
5516,5516.TWO,feature_failed
5520,5520.TWO,feature_failed
5523,5523.TWO,feature_failed
5529,5529.TWO,feature_failed
5530,5530.TWO,feature_failed
5536,5536.TWO,feature_failed
5543,5543.TWO,feature_failed
5547,5547.TWO,feature_failed
5548,5548.TWO,feature_failed
5601,5601.TWO,feature_failed
5603,5603.TWO,feature_failed
5604,5604.TWO,feature_failed
5609,5609.TWO,feature_failed
5701,5701.TWO,feature_failed
5703,5703.TWO,feature_failed
5704,5704.TWO,feature_failed
5864,5864.TWO,feature_failed
5878,5878.TWO,feature_failed
5902,5902.TWO,feature_failed
5903,5903.TWO,feature_failed
5904,5904.TWO,feature_failed
5905,5905.TWO,feature_failed
6015,6015.TWO,feature_failed
6016,6016.TWO,feature_failed
6020,6020.TWO,feature_failed
6021,6021.TWO,feature_failed
6023,6023.TWO,feature_failed
6026,6026.TWO,feature_failed
6028,6028.TWO,feature_failed
6101,6101.TWO,feature_failed
6103,6103.TWO,feature_failed
6104,6104.TWO,feature_failed
6109,6109.TWO,feature_failed
6111,6111.TWO,feature_failed
6113,6113.TWO,feature_failed
6114,6114.TWO,feature_failed
6118,6118.TWO,feature_failed
6121,6121.TWO,feature_failed
6122,6122.TWO,feature_failed
6123,6123.TWO,feature_failed
6124,6124.TWO,feature_failed
6125,6125.TWO,feature_failed
6126,6126.TWO,feature_failed
6127,6127.TWO,feature_failed
6129,6129.TWO,feature_failed
6130,6130.TWO,feature_failed
6134,6134.TWO,feature_failed
6138,6138.TWO,feature_failed
6140,6140.TWO,feature_failed
6143,6143.TWO,feature_failed
6144,6144.TWO,feature_failed
6146,6146.TWO,feature_failed
6147,6147.TWO,feature_failed
6148,6148.TWO,feature_failed
6150,6150.TWO,feature_failed
6151,6151.TWO,feature_failed
6154,6154.TWO,feature_failed
6156,6156.TWO,feature_failed
6158,6158.TWO,feature_failed
6160,6160.TWO,feature_failed
6161,6161.TWO,feature_failed
6163,6163.TWO,feature_failed
6167,6167.TWO,feature_failed
6169,6169.TWO,feature_failed
6170,6170.TWO,feature_failed
6171,6171.TWO,feature_failed
6173,6173.TWO,feature_failed
6174,6174.TWO,feature_failed
6175,6175.TWO,feature_failed
6179,6179.TWO,feature_failed
6180,6180.TWO,feature_failed
6182,6182.TWO,feature_failed
6185,6185.TWO,feature_failed
6186,6186.TWO,feature_failed
6187,6187.TWO,feature_failed
6188,6188.TWO,feature_failed
6190,6190.TWO,feature_failed
6194,6194.TWO,feature_failed
6195,6195.TWO,feature_failed
6198,6198.TWO,feature_failed
6199,6199.TWO,feature_failed
6203,6203.TWO,feature_failed
6204,6204.TWO,feature_failed
6207,6207.TWO,feature_failed
6208,6208.TWO,feature_failed
6210,6210.TWO,feature_failed
6212,6212.TWO,feature_failed
6217,6217.TWO,feature_failed
6218,6218.TWO,feature_failed
6219,6219.TWO,feature_failed
6220,6220.TWO,feature_failed
6221,6221.TWO,feature_failed
6222,6222.TWO,feature_failed
6223,6223.TWO,feature_failed
6227,6227.TWO,feature_failed
6228,6228.TWO,feature_failed
6229,6229.TWO,feature_failed
6231,6231.TWO,feature_failed
6233,6233.TWO,feature_failed
6234,6234.TWO,feature_failed
6236,6236.TWO,feature_failed
6237,6237.TWO,feature_failed
6240,6240.TWO,feature_failed
6241,6241.TWO,feature_failed
6242,6242.TWO,feature_failed
6244,6244.TWO,feature_failed
6245,6245.TWO,feature_failed
6246,6246.TWO,feature_failed
6248,6248.TWO,feature_failed
6259,6259.TWO,feature_failed
6261,6261.TWO,feature_failed
6263,6263.TWO,feature_failed
6264,6264.TWO,feature_failed
6265,6265.TWO,feature_failed
6266,6266.TWO,feature_failed
6270,6270.TWO,feature_failed
6274,6274.TWO,feature_failed
6275,6275.TWO,feature_failed
6276,6276.TWO,feature_failed
6279,6279.TWO,feature_failed
6284,6284.TWO,feature_failed
6290,6290.TWO,feature_failed
6291,6291.TWO,feature_failed
6292,6292.TWO,feature_failed
6294,6294.TWO,feature_failed
6411,6411.TWO,feature_failed
6417,6417.TWO,feature_failed
6418,6418.TWO,feature_failed
6419,6419.TWO,feature_failed
6423,6423.TWO,feature_failed
6425,6425.TWO,feature_failed
6432,6432.TWO,feature_failed
6435,6435.TWO,feature_failed
6441,6441.TWO,feature_failed
6461,6461.TWO,feature_failed
6462,6462.TWO,feature_failed
6465,6465.TWO,feature_failed
6469,6469.TWO,feature_failed
6470,6470.TWO,feature_failed
6474,6474.TWO,feature_failed
6482,6482.TWO,feature_failed
6485,6485.TWO,feature_failed
6486,6486.TWO,feature_failed
6488,6488.TWO,feature_failed
6492,6492.TWO,feature_failed
6494,6494.TWO,feature_failed
6496,6496.TWO,feature_failed
6498,6498.TWO,feature_failed
6499,6499.TWO,feature_failed
6506,6506.TWO,feature_failed
6508,6508.TWO,feature_failed
6509,6509.TWO,feature_failed
6510,6510.TWO,feature_failed
6512,6512.TWO,feature_failed
6516,6516.TWO,feature_failed
6517,6517.TWO,feature_failed
6523,6523.TWO,feature_failed
6527,6527.TWO,feature_failed
6530,6530.TWO,feature_failed
6532,6532.TWO,feature_failed
6535,6535.TWO,feature_failed
6538,6538.TWO,feature_failed
6542,6542.TWO,feature_failed
6546,6546.TWO,feature_failed
6547,6547.TWO,feature_failed
6548,6548.TWO,feature_failed
6556,6556.TWO,feature_failed
6560,6560.TWO,feature_failed
6561,6561.TWO,feature_failed
6568,6568.TWO,feature_failed
6569,6569.TWO,feature_failed
6570,6570.TWO,feature_failed
6574,6574.TWO,feature_failed
6576,6576.TWO,feature_failed
6577,6577.TWO,feature_failed
6578,6578.TWO,feature_failed
6584,6584.TWO,feature_failed
6588,6588.TWO,feature_failed
6590,6590.TWO,feature_failed
6593,6593.TWO,feature_failed
6596,6596.TWO,feature_failed
6597,6597.TWO,feature_failed
6603,6603.TWO,feature_failed
6609,6609.TWO,feature_failed
6612,6612.TWO,feature_failed
6613,6613.TWO,feature_failed
6615,6615.TWO,feature_failed
6616,6616.TWO,feature_failed
6617,6617.TWO,feature_failed
6620,6620.TWO,feature_failed
6624,6624.TWO,feature_failed
6629,6629.TWO,feature_failed
6637,6637.TWO,feature_failed
6640,6640.TWO,feature_failed
6642,6642.TWO,feature_failed
6643,6643.TWO,feature_failed
6649,6649.TWO,feature_failed
6651,6651.TWO,feature_failed
6654,6654.TWO,feature_failed
6661,6661.TWO,feature_failed
6662,6662.TWO,feature_failed
6664,6664.TWO,feature_failed
6667,6667.TWO,feature_failed
6679,6679.TWO,feature_failed
6680,6680.TWO,feature_failed
6683,6683.TWO,feature_failed
6684,6684.TWO,feature_failed
6690,6690.TWO,feature_failed
6692,6692.TWO,feature_failed
6693,6693.TWO,feature_failed
6697,6697.TWO,feature_failed
6703,6703.TWO,feature_failed
6708,6708.TWO,feature_failed
6712,6712.TWO,feature_failed
6716,6716.TWO,feature_failed
6720,6720.TWO,feature_failed
6721,6721.TWO,feature_failed
6725,6725.TWO,feature_failed
6727,6727.TWO,feature_failed
6728,6728.TWO,feature_failed
6730,6730.TWO,feature_failed
6732,6732.TWO,feature_failed
6733,6733.TWO,feature_failed
6735,6735.TWO,feature_failed
6739,6739.TWO,feature_failed
6741,6741.TWO,feature_failed
6751,6751.TWO,feature_failed
6752,6752.TWO,feature_failed
6761,6761.TWO,feature_failed
6762,6762.TWO,feature_failed
6763,6763.TWO,feature_failed
6767,6767.TWO,feature_failed
6785,6785.TWO,feature_failed
6788,6788.TWO,feature_failed
6791,6791.TWO,feature_failed
6803,6803.TWO,feature_failed
6804,6804.TWO,feature_failed
6811,6811.TWO,feature_failed
6821,6821.TWO,feature_failed
6823,6823.TWO,feature_failed
6829,6829.TWO,feature_failed
6840,6840.TWO,feature_failed
6841,6841.TWO,feature_failed
6843,6843.TWO,feature_failed
6844,6844.TWO,feature_failed
6846,6846.TWO,feature_failed
6855,6855.TWO,feature_failed
6856,6856.TWO,feature_failed
6859,6859.TWO,feature_failed
6865,6865.TWO,feature_failed
6870,6870.TWO,feature_failed
6872,6872.TWO,feature_failed
6874,6874.TWO,feature_failed
6875,6875.TWO,feature_failed
6877,6877.TWO,feature_failed
6881,6881.TWO,feature_failed
6884,6884.TWO,feature_failed
6894,6894.TWO,feature_failed
6895,6895.TWO,feature_failed
6899,6899.TWO,feature_failed
6903,6903.TWO,feature_failed
6904,6904.TWO,feature_failed
6907,6907.TWO,feature_failed
6910,6910.TWO,feature_failed
6913,6913.TWO,feature_failed
6922,6922.TWO,feature_failed
6925,6925.TWO,feature_failed
6929,6929.TWO,feature_failed
6953,6953.TWO,feature_failed
6961,6961.TWO,feature_failed
6967,6967.TWO,feature_failed
6968,6968.TWO,feature_failed
6971,6971.TWO,feature_failed
6982,6982.TWO,feature_failed
6996,6996.TWO,feature_failed
6997,6997.TWO,feature_failed
7402,7402.TWO,feature_failed
7547,7547.TWO,feature_failed
7556,7556.TWO,feature_failed
7584,7584.TWO,feature_failed
7642,7642.TWO,feature_failed
7703,7703.TWO,feature_failed
7704,7704.TWO,feature_failed
7708,7708.TWO,feature_failed
7709,7709.TWO,feature_failed
7712,7712.TWO,feature_failed
7713,7713.TWO,feature_failed
7714,7714.TWO,feature_failed
7715,7715.TWO,feature_failed
7716,7716.TWO,feature_failed
7717,7717.TWO,feature_failed
7718,7718.TWO,feature_failed
7723,7723.TWO,feature_failed
7728,7728.TWO,feature_failed
7734,7734.TWO,feature_failed
7738,7738.TWO,feature_failed
7743,7743.TWO,feature_failed
7744,7744.TWO,feature_failed
7747,7747.TWO,feature_failed
7751,7751.TWO,feature_failed
7753,7753.TWO,feature_failed
7757,7757.TWO,feature_failed
7767,7767.TWO,feature_failed
7770,7770.TWO,feature_failed
7777,7777.TWO,feature_failed
7782,7782.TWO,feature_failed
7792,7792.TWO,feature_failed
7805,7805.TWO,feature_failed
7810,7810.TWO,feature_failed
7811,7811.TWO,feature_failed
8024,8024.TWO,feature_failed
8027,8027.TWO,feature_failed
8032,8032.TWO,feature_failed
8034,8034.TWO,feature_failed
8038,8038.TWO,feature_failed
8040,8040.TWO,feature_failed
8042,8042.TWO,feature_failed
8043,8043.TWO,feature_failed
8044,8044.TWO,feature_failed
8047,8047.TWO,feature_failed
8048,8048.TWO,feature_failed
8049,8049.TWO,feature_failed
8050,8050.TWO,feature_failed
8054,8054.TWO,feature_failed
8059,8059.TWO,feature_failed
8064,8064.TWO,feature_failed
8066,8066.TWO,feature_failed
8067,8067.TWO,feature_failed
8068,8068.TWO,feature_failed
8069,8069.TWO,feature_failed
8071,8071.TWO,feature_failed
8074,8074.TWO,feature_failed
8076,8076.TWO,feature_failed
8077,8077.TWO,feature_failed
8080,8080.TWO,feature_failed
8083,8083.TWO,feature_failed
8084,8084.TWO,feature_failed
8085,8085.TWO,feature_failed
8086,8086.TWO,feature_failed
8087,8087.TWO,feature_failed
8088,8088.TWO,feature_failed
8089,8089.TWO,feature_failed
8091,8091.TWO,feature_failed
8092,8092.TWO,feature_failed
8093,8093.TWO,feature_failed
8096,8096.TWO,feature_failed
8097,8097.TWO,feature_failed
8099,8099.TWO,feature_failed
8102,8102.TWO,feature_failed
8107,8107.TWO,feature_failed
8109,8109.TWO,feature_failed
8111,8111.TWO,feature_failed
8121,8121.TWO,feature_failed
8147,8147.TWO,feature_failed
8155,8155.TWO,feature_failed
8171,8171.TWO,feature_failed
8176,8176.TWO,feature_failed
8182,8182.TWO,feature_failed
8183,8183.TWO,feature_failed
8227,8227.TWO,feature_failed
8234,8234.TWO,feature_failed
8240,8240.TWO,feature_failed
8255,8255.TWO,feature_failed
8272,8272.TWO,feature_failed
8277,8277.TWO,feature_failed
8279,8279.TWO,feature_failed
8284,8284.TWO,feature_failed
8289,8289.TWO,feature_failed
8291,8291.TWO,feature_failed
8299,8299.TWO,feature_failed
8342,8342.TWO,feature_failed
8349,8349.TWO,feature_failed
8354,8354.TWO,feature_failed
8358,8358.TWO,feature_failed
8383,8383.TWO,feature_failed
8390,8390.TWO,feature_failed
8401,8401.TWO,feature_failed
8403,8403.TWO,feature_failed
8409,8409.TWO,feature_failed
8410,8410.TWO,feature_failed
8415,8415.TWO,feature_failed
8416,8416.TWO,feature_failed
8421,8421.TWO,feature_failed
8423,8423.TWO,feature_failed
8424,8424.TWO,feature_failed
8426,8426.TWO,feature_failed
8431,8431.TWO,feature_failed
8432,8432.TWO,feature_failed
8433,8433.TWO,feature_failed
8435,8435.TWO,feature_failed
8436,8436.TWO,feature_failed
8437,8437.TWO,feature_failed
8440,8440.TWO,feature_failed
8444,8444.TWO,feature_failed
8446,8446.TWO,feature_failed
8450,8450.TWO,feature_failed
8455,8455.TWO,feature_failed
8472,8472.TWO,feature_failed
8477,8477.TWO,feature_failed
8489,8489.TWO,feature_failed
8905,8905.TWO,feature_failed
8906,8906.TWO,feature_failed
8908,8908.TWO,feature_failed
8916,8916.TWO,feature_failed
8917,8917.TWO,feature_failed
8921,8921.TWO,feature_failed
8923,8923.TWO,feature_failed
8924,8924.TWO,feature_failed
8927,8927.TWO,feature_failed
8928,8928.TWO,feature_failed
8929,8929.TWO,feature_failed
8930,8930.TWO,feature_failed
8931,8931.TWO,feature_failed
8932,8932.TWO,feature_failed
8933,8933.TWO,feature_failed
8935,8935.TWO,feature_failed
8936,8936.TWO,feature_failed
8937,8937.TWO,feature_failed
8938,8938.TWO,feature_failed
8941,8941.TWO,feature_failed
8942,8942.TWO,feature_failed
9949,9949.TWO,feature_failed
9950,9950.TWO,feature_failed
9951,9951.TWO,feature_failed
9960,9960.TWO,feature_failed
9962,9962.TWO,feature_failed
